time,x
0.0,0.0012301533574825742
1.0,0.018478024696706067
2.0,0.0026475091787321464
3.0,-0.048771287231924206
4.0,-0.07501337916593422
5.0,-0.1322532951980002
6.0,-0.12875829225867963
7.0,-0.05135891607133028
8.0,-0.07976769219356253
9.0,-0.11557718991068529
10.0,-0.08727638653037276
11.0,-0.06665658447155048
12.0,-0.060559094156223
13.0,-0.11426933839832668
14.0,-0.11593865732310231
15.0,-0.07577548744981726
16.0,-0.15337079571508827
17.0,-0.1797650332610137
18.0,-0.28950144614720497
19.0,-0.36390344822167414
20.0,-0.4701738561692718
21.0,-0.48366646660220675
22.0,-0.5567598342410414
23.0,-0.5410031938328944
24.0,-0.5318606740806674
25.0,-0.5425622086873622
26.0,-0.6877746402598376
27.0,-0.7187585050646874
28.0,-0.7214358273196302
29.0,-0.714770591106055
30.0,-0.8029908213696553
31.0,-0.8304366378765161
32.0,-0.8867894892232452
33.0,-0.9333361207946176
34.0,-0.8719255442419399
35.0,-0.9183995134254018
36.0,-0.9201201425703752
37.0,-0.8689025632406674
38.0,-0.9024481997181973
39.0,-0.9087430295037903
40.0,-0.9022100177559654
41.0,-0.8983733307421715
42.0,-0.9689483732290354
43.0,-0.9643867606267541
44.0,-0.8857701793096626
45.0,-0.9749431849933298
46.0,-0.9251600231236675
47.0,-0.9181109470744455
48.0,-0.9549892945146151
49.0,-0.8393319234969709
50.0,-0.7951793437699287
51.0,-0.8642843745449019
52.0,-0.8598344173936014
53.0,-0.8263922288574048
54.0,-0.8371502874251888
55.0,-0.7975793230139647
56.0,-0.801283345703955
57.0,-0.7626227999872094
58.0,-0.6794392791281609
59.0,-0.7183324983788024
60.0,-0.7064814769376891
61.0,-0.7331097701254645
62.0,-0.7256365903082349
63.0,-0.7940552413000161
64.0,-0.8273654804765777
65.0,-0.8385514113366289
66.0,-0.7865178936952556
67.0,-0.7202640047827852
68.0,-0.7965547789916788
69.0,-0.8422972959626283
70.0,-0.804804307746724
71.0,-0.9196991258352016
72.0,-0.9462830159050939
73.0,-0.951738099763883
74.0,-0.8790015941813758
75.0,-0.8390485646461115
76.0,-0.8577967939841836
77.0,-0.8789298816108887
78.0,-0.8932246552772163
79.0,-0.8051109359346242
80.0,-0.829685323309261
81.0,-0.8470764731876868
82.0,-0.8265749151343518
83.0,-0.833406286278673
84.0,-0.844654014825276
85.0,-0.9088303067131727
86.0,-0.9093401225956118
87.0,-0.9347948329002048
88.0,-0.8673085989918757
89.0,-0.8294542390000973
90.0,-0.8307063651354478
91.0,-0.7919753486860044
92.0,-0.8114623278961283
93.0,-0.7505790542101755
94.0,-0.7507624767199538
95.0,-0.7169525281678827
96.0,-0.7913597120580442
97.0,-0.7712088368479149
98.0,-0.8685454988076354
99.0,-0.9859067810606814
100.0,-1.0033172081788815
101.0,-1.055103022676622
102.0,-1.0454510464880968
103.0,-0.9156712287505713
104.0,-0.9635342430888367
105.0,-0.999392914112346
106.0,-0.98736305251417
107.0,-0.9587301142818166
108.0,-0.9687510158382376
109.0,-0.9804747883878072
110.0,-0.939750445821615
111.0,-0.9095729018164409
112.0,-0.9690967004654736
113.0,-0.9735025563169154
114.0,-0.9712988362107617
115.0,-1.0320134780562724
116.0,-1.0168352244308485
117.0,-1.066195523502806
118.0,-1.0098909459346643
119.0,-0.9985901014636694
120.0,-0.9932632671121706
121.0,-1.0272164936743653
122.0,-1.0338888190024018
123.0,-1.1490519982332834
124.0,-1.2141773935865736
125.0,-1.1930212485644087
126.0,-1.3157101614927964
127.0,-1.2666062579166668
128.0,-1.3672006420791376
129.0,-1.3232765834899232
130.0,-1.3718651460660756
131.0,-1.3266555366169093
132.0,-1.31886825606882
133.0,-1.4073719850005357
134.0,-1.3350117397371226
135.0,-1.251546500648831
136.0,-1.255131780483571
137.0,-1.2707317626960883
138.0,-1.2797444381247025
139.0,-1.3358260947409502
140.0,-1.2721707817140353
141.0,-1.303297167832357
142.0,-1.3060298320515462
143.0,-1.3516075384250719
144.0,-1.3875228107676592
145.0,-1.4610550916864196
146.0,-1.3882283746115578
147.0,-1.396887289066295
148.0,-1.3408809623209197
149.0,-1.3398824252844266
150.0,-1.3797447612868736
151.0,-1.3983700582191996
152.0,-1.4304759434156533
153.0,-1.4297718661053098
154.0,-1.451193469062393
155.0,-1.46826135697022
156.0,-1.5476023850550846
157.0,-1.5939210736094902
158.0,-1.4981515149242903
159.0,-1.536649054207928
160.0,-1.59724447722988
161.0,-1.5774958625793318
162.0,-1.4959772707798147
163.0,-1.5796696462142077
164.0,-1.591438595623732
165.0,-1.6276580896716326
166.0,-1.7290523270644882
167.0,-1.6863257096934725
168.0,-1.6873909456058622
169.0,-1.6829777673300668
170.0,-1.7261247634610748
171.0,-1.6995726840447625
172.0,-1.7304184669353766
173.0,-1.7383731499368107
174.0,-1.8020614190619832
175.0,-1.8719650587745704
176.0,-1.794538054335233
177.0,-1.823508958435482
178.0,-1.8063570325889269
179.0,-1.8079991039744536
180.0,-1.8331595331222255
181.0,-1.8621732709062968
182.0,-1.8254770727393013
183.0,-1.8425933179176202
184.0,-1.8510219056809123
185.0,-1.849422487160604
186.0,-1.7811805647444074
187.0,-1.7415867292752234
188.0,-1.71919954557082
189.0,-1.7514434355697077
190.0,-1.830932004740125
191.0,-1.7757978468839024
192.0,-1.719696399789582
193.0,-1.7275261984898695
194.0,-1.6959451771909904
195.0,-1.6505385975094895
196.0,-1.602267959677003
197.0,-1.5487979314577862
198.0,-1.5748382415929683
199.0,-1.4871019965364487
200.0,-1.558819840847176
201.0,-1.5088017352337466
202.0,-1.480026604035253
203.0,-1.4293351511631611
204.0,-1.3206061925006274
205.0,-1.234675918296481
206.0,-1.3005816539213615
207.0,-1.3978548016823475
208.0,-1.3504527083727205
209.0,-1.408823600036649
210.0,-1.4092989687297781
211.0,-1.3605763422154422
212.0,-1.4552484182785743
213.0,-1.5768194029245497
214.0,-1.5615791891790998
215.0,-1.5587495963343865
216.0,-1.5726745547200904
217.0,-1.5701808798860983
218.0,-1.6195943287574437
219.0,-1.70669907834576
220.0,-1.7160291181981717
221.0,-1.771837368092056
222.0,-1.8664208877934125
223.0,-1.8369062885499348
224.0,-1.8401370969458775
225.0,-1.816351565522457
226.0,-1.873158006625451
227.0,-1.91083080791396
228.0,-1.9681839025549412
229.0,-2.019037707929279
230.0,-2.00741064572934
231.0,-2.0522725132696116
232.0,-2.0313641537680462
233.0,-2.0114010480930933
234.0,-1.8941344487783593
235.0,-1.9742233348653222
236.0,-1.9226227479722071
237.0,-1.9274606404461543
238.0,-1.9279411227775631
239.0,-2.011319442904085
240.0,-2.0375448837991748
241.0,-1.9942880249367374
242.0,-1.998708966437738
243.0,-1.9936875848349294
244.0,-2.0101312733406025
245.0,-1.943128499781093
246.0,-1.9440360158772596
247.0,-2.0707447156691066
248.0,-2.1103475222053025
249.0,-2.223655255901833
250.0,-2.4109969775009508
251.0,-2.4411910101365204
252.0,-2.363780542875731
253.0,-2.360655954738001
254.0,-2.427949327818943
255.0,-2.4818455704533724
256.0,-2.4161452813259907
257.0,-2.406631632457613
258.0,-2.403448949912873
259.0,-2.406124666810567
260.0,-2.4034962683072925
261.0,-2.356585242590605
262.0,-2.3242798658447064
263.0,-2.3114287832489
264.0,-2.371243647073995
265.0,-2.3413293737696304
266.0,-2.3804341164678324
267.0,-2.3168739406902294
268.0,-2.3898619943039163
269.0,-2.3973989670209224
270.0,-2.3974139312814384
271.0,-2.473482508651039
272.0,-2.373641555369736
273.0,-2.288919126391914
274.0,-2.315292826793498
275.0,-2.2703416550437976
276.0,-2.248090637474541
277.0,-2.3986002230532404
278.0,-2.3837334148760374
279.0,-2.3868675866841715
280.0,-2.3816549644213216
281.0,-2.443421191951734
282.0,-2.4585542162201053
283.0,-2.4684256688391026
284.0,-2.399409007689194
285.0,-2.3796906421158543
286.0,-2.379604522806473
287.0,-2.2909225744143487
288.0,-2.322588165516292
289.0,-2.3446748579362047
290.0,-2.4491644046979926
291.0,-2.358153319851335
292.0,-2.3020744075730524
293.0,-2.248746591421701
294.0,-2.2097432690743104
295.0,-2.2030060529909905
296.0,-2.1901881606919766
297.0,-2.2043633267559644
298.0,-2.215741338177569
299.0,-2.2122273078359282
300.0,-2.1245635812006394
301.0,-2.092117703399448
302.0,-2.0951352255477103
303.0,-2.1282282505058454
304.0,-2.164526056915322
305.0,-2.071623786014343
306.0,-2.0420160097814395
307.0,-2.037766867230326
308.0,-2.0574053024035077
309.0,-2.12108479073382
310.0,-2.1245824174669945
311.0,-2.0737785222768244
312.0,-2.096087131325582
313.0,-2.1088486345607085
314.0,-2.1212495236342206
315.0,-2.1145594345972496
316.0,-2.2061704490713048
317.0,-2.2193840056693563
318.0,-2.268333121290389
319.0,-2.216873779515016
320.0,-2.2609853113870466
321.0,-2.2272829569937422
322.0,-2.1388887365765856
323.0,-2.1566285542596075
324.0,-2.1909918716129853
325.0,-2.1795649463654754
326.0,-2.1793094672971827
327.0,-2.236303352503519
328.0,-2.209309832427965
329.0,-2.092566248517131
330.0,-2.10711060004116
331.0,-2.1184634246649883
332.0,-2.178430424243733
333.0,-2.1596354128255033
334.0,-2.2312604009078685
335.0,-2.294787630352662
336.0,-2.220513682114104
337.0,-2.272410413120167
338.0,-2.2095897065713648
339.0,-2.121203098032866
340.0,-2.105868230716279
341.0,-2.0735581375580097
342.0,-1.960490374985223
343.0,-1.9715133231952748
344.0,-2.0054134729492143
345.0,-2.083199453334057
346.0,-2.08043534383251
347.0,-1.9946812354636163
348.0,-1.9389379535350104
349.0,-1.992998130006779
350.0,-2.0420425218148694
351.0,-2.0708017475314024
352.0,-2.0535736113753162
353.0,-2.065076186974649
354.0,-2.0523416309751443
355.0,-2.03485850044761
356.0,-2.0517603159380067
357.0,-2.0537289843731106
358.0,-2.0414502561789827
359.0,-2.0459492367471426
360.0,-2.016528664367387
361.0,-1.9081688493774558
362.0,-1.873665087248658
363.0,-1.870122536384917
364.0,-1.9671509186740372
365.0,-1.9444158957838658
366.0,-2.056475003052576
367.0,-2.1374740427445476
368.0,-2.08776599345385
369.0,-2.04663456244116
370.0,-2.054941395696612
371.0,-2.153317613930211
372.0,-2.17438929284084
373.0,-2.213204527727475
374.0,-2.1760581339498075
375.0,-2.045335975387705
376.0,-2.032461810986056
377.0,-2.0771078841073765
378.0,-2.1443345995575718
379.0,-2.1472066024227217
380.0,-2.1570466692579937
381.0,-2.2231608836920267
382.0,-2.216063032701624
383.0,-2.2821321909804793
384.0,-2.2175344874713603
385.0,-2.155803209720935
386.0,-2.0928065035652934
387.0,-2.119818027701347
388.0,-2.0897497586102727
389.0,-2.097017525094196
390.0,-2.1191070874512
391.0,-2.138325382122703
392.0,-2.2129989038073434
393.0,-2.2959820721545023
394.0,-2.2497297582644102
395.0,-2.2603861188366534
396.0,-2.247504381766244
397.0,-2.189286365360046
398.0,-2.288974529578741
399.0,-2.333854970472462
400.0,-2.3233330056429087
401.0,-2.300298198524733
402.0,-2.321675336114308
403.0,-2.261858724755015
404.0,-2.2493248730722755
405.0,-2.3189949721199814
406.0,-2.372336181370107
407.0,-2.3254267062232454
408.0,-2.2982498225982395
409.0,-2.407499258594818
410.0,-2.3292774590792447
411.0,-2.294352132003734
412.0,-2.2164019390504537
413.0,-2.238175996952271
414.0,-2.254865958246155
415.0,-2.3195164896360976
416.0,-2.172650241040915
417.0,-2.182408652594912
418.0,-2.090379269814756
419.0,-2.127393339341807
420.0,-2.1175702580762286
421.0,-2.2137038126473927
422.0,-2.235430196271817
423.0,-2.178250904229247
424.0,-2.2501479667377944
425.0,-2.1878581884486437
426.0,-2.168013711202809
427.0,-2.22791559576112
428.0,-2.256494436523815
429.0,-2.282612828595158
430.0,-2.28508158649396
431.0,-2.31564520832347
432.0,-2.363012807820038
433.0,-2.380194199189368
434.0,-2.4390747806734554
435.0,-2.5131086404376655
436.0,-2.5154604622788885
437.0,-2.4640576443526445
438.0,-2.5519346981505144
439.0,-2.5512958684375553
440.0,-2.588384929563068
441.0,-2.6443579295439457
442.0,-2.594632596241183
443.0,-2.624105550933549
444.0,-2.5371524378874977
445.0,-2.581742725295241
446.0,-2.5589866397245675
447.0,-2.571671338111305
448.0,-2.6147651468291375
449.0,-2.580388684248542
450.0,-2.5888954562034954
451.0,-2.5536264716711723
452.0,-2.5559202723889016
453.0,-2.618172935238169
454.0,-2.623618294957673
455.0,-2.620170120108265
456.0,-2.5643852834367187
457.0,-2.6162703338874733
458.0,-2.61809375851547
459.0,-2.717058876109177
460.0,-2.678980390108848
461.0,-2.74096183215166
462.0,-2.8447834445810143
463.0,-2.84771597729853
464.0,-2.7833923722881613
465.0,-2.8709305006801764
466.0,-2.9332574415079833
467.0,-2.9756689587649636
468.0,-3.040371748658641
469.0,-3.0179456781389353
470.0,-3.064043102168184
471.0,-3.105175936800869
472.0,-3.0709679136125683
473.0,-3.114062549183181
474.0,-3.08854358901222
475.0,-3.1440985112827184
476.0,-3.2135438364156967
477.0,-3.318964153337422
478.0,-3.2109401401582947
479.0,-3.2288813519371224
480.0,-3.2142458330259247
481.0,-3.2154889600491794
482.0,-3.205703833960023
483.0,-3.2022871268883235
484.0,-3.0915686920458216
485.0,-3.151022602783979
486.0,-3.240404011026391
487.0,-3.298275540432242
488.0,-3.3747711178524953
489.0,-3.3310682825420095
490.0,-3.283134234996856
491.0,-3.338074519290077
492.0,-3.4177806789320178
493.0,-3.4376805591039075
494.0,-3.35677626827528
495.0,-3.5189902998627987
496.0,-3.487983871925778
497.0,-3.5494963126420296
498.0,-3.4888238547787798
499.0,-3.5504613626171704
500.0,-3.56633285544462
501.0,-3.6526882087890233
502.0,-3.7084857424427584
503.0,-3.6278402670918606
504.0,-3.5798439080007856
505.0,-3.6024222086086897
506.0,-3.652045752802833
507.0,-3.76076039399335
508.0,-3.782845223851774
509.0,-3.7839826972822417
510.0,-3.788188656739079
511.0,-3.7929560960065904
512.0,-3.8570753497576415
513.0,-3.860242257016365
514.0,-3.8618151069039195
515.0,-3.7866442452906237
516.0,-3.678220962871352
517.0,-3.6855011882194573
518.0,-3.7291137984807623
519.0,-3.732228002889736
520.0,-3.7666709605571724
521.0,-3.8088914354064394
522.0,-3.8116264238776774
523.0,-3.8712099860842195
524.0,-3.8355545626933507
525.0,-3.840898391684917
526.0,-3.825807503723311
527.0,-3.8357154799735143
528.0,-3.8770477695137866
529.0,-3.9311154083716495
530.0,-3.9441424694587472
531.0,-3.9751508597565346
532.0,-3.960966956143206
533.0,-3.960545641725695
534.0,-4.038521351597165
535.0,-4.03395566371231
536.0,-4.110796088752661
537.0,-4.145685646893221
538.0,-4.161971401456725
539.0,-4.281075816770776
540.0,-4.275060726102952
541.0,-4.265612820998675
542.0,-4.274007089958196
543.0,-4.29777436189515
544.0,-4.318609618732267
545.0,-4.374251828645022
546.0,-4.389075151395516
547.0,-4.420229839151125
548.0,-4.414180684640303
549.0,-4.482946852470127
550.0,-4.468578644544831
551.0,-4.459545936120285
552.0,-4.46695665255176
553.0,-4.491550470381945
554.0,-4.458893222734459
555.0,-4.554236741180325
556.0,-4.526873849185355
557.0,-4.512068146453285
558.0,-4.494936011724183
559.0,-4.472036980991984
560.0,-4.509010605400057
561.0,-4.523219664725556
562.0,-4.485665781475033
563.0,-4.460035930102484
564.0,-4.4473388617592144
565.0,-4.534007851338484
566.0,-4.502177776551448
567.0,-4.4338886313839865
568.0,-4.374837189509373
569.0,-4.3605862986370125
570.0,-4.4497734156917845
571.0,-4.394594818714636
572.0,-4.402345255874476
573.0,-4.547807707635069
574.0,-4.525252121067477
575.0,-4.610629048307595
576.0,-4.684690832981943
577.0,-4.720549292776261
578.0,-4.646269167444024
579.0,-4.666885593685404
580.0,-4.650442022160989
581.0,-4.548727991051492
582.0,-4.455918975465323
583.0,-4.4611242902913855
584.0,-4.474305825666241
585.0,-4.546337284776172
586.0,-4.585654584775921
587.0,-4.560312531714254
588.0,-4.536685360670705
589.0,-4.529545147941373
590.0,-4.471335862690304
591.0,-4.515164117577437
592.0,-4.51762977083172
593.0,-4.474639089523082
594.0,-4.440148412036053
595.0,-4.377558227609837
596.0,-4.353887843110034
597.0,-4.371006854119073
598.0,-4.349348393637814
599.0,-4.406489676500779
600.0,-4.500390558303894
601.0,-4.466096056987171
602.0,-4.4685160482633
603.0,-4.449946059127388
604.0,-4.5472011353026645
605.0,-4.567503600054956
606.0,-4.601355492399122
607.0,-4.650464140420325
608.0,-4.779862435070918
609.0,-4.798379184801562
610.0,-4.745752952115122
611.0,-4.722944690072901
612.0,-4.756832909814096
613.0,-4.756878531860253
614.0,-4.712371408478236
615.0,-4.870938566781723
616.0,-4.877295937237383
617.0,-4.845100424815533
618.0,-4.804889377215923
619.0,-4.705876214475407
620.0,-4.639539790772143
621.0,-4.620700777303959
622.0,-4.602476215446627
623.0,-4.556255051307383
624.0,-4.5866141586883025
625.0,-4.588150275658564
626.0,-4.535044138337892
627.0,-4.421255661266871
628.0,-4.429695092177004
629.0,-4.431732193174064
630.0,-4.4195152714695904
631.0,-4.341209796307102
632.0,-4.342217749316007
633.0,-4.256641907079205
634.0,-4.311724159141807
635.0,-4.321727824248203
636.0,-4.332430039211039
637.0,-4.286280424682502
638.0,-4.225199493182443
639.0,-4.311624950914437
640.0,-4.3637221631997205
641.0,-4.343527941097521
642.0,-4.380815053767208
643.0,-4.46796350495168
644.0,-4.407242979223922
645.0,-4.377970127495159
646.0,-4.3487480403905785
647.0,-4.3754544364772165
648.0,-4.315300606286046
649.0,-4.328416946263109
650.0,-4.264374226697716
651.0,-4.316280188380606
652.0,-4.364855797096613
653.0,-4.352293332141624
654.0,-4.392098416220559
655.0,-4.35235034431647
656.0,-4.336590080396202
657.0,-4.389136451915777
658.0,-4.384179174407566
659.0,-4.403710668626109
660.0,-4.3500821638518445
661.0,-4.385858924126633
662.0,-4.410464774875753
663.0,-4.339779953107667
664.0,-4.209792761579649
665.0,-4.093660223604121
666.0,-4.089310176759728
667.0,-4.0759754734887315
668.0,-3.986744355216958
669.0,-3.9932470162019182
670.0,-4.0489338622989814
671.0,-4.041493828524901
672.0,-4.014734549007323
673.0,-4.061919153320278
674.0,-4.1562699145749145
675.0,-4.238508963266086
676.0,-4.1993657572877305
677.0,-4.2424327095688845
678.0,-4.249868088592282
679.0,-4.23686943689567
680.0,-4.200398973528907
681.0,-4.219016482683264
682.0,-4.189501822440691
683.0,-4.240173227431177
684.0,-4.260331883569015
685.0,-4.318748185849528
686.0,-4.2526672288620855
687.0,-4.253503830879569
688.0,-4.295460576667262
689.0,-4.315070406949526
690.0,-4.32713418923223
691.0,-4.285949880241461
692.0,-4.377341238954844
693.0,-4.436475982610785
694.0,-4.457547541571826
695.0,-4.310582720306433
696.0,-4.254669623428175
697.0,-4.260376897903501
698.0,-4.218541215894309
699.0,-4.099033868659289
700.0,-4.111828297304888
701.0,-4.132280210956591
702.0,-4.061602150710004
703.0,-4.032376531203683
704.0,-3.992927706091145
705.0,-4.021587296966786
706.0,-3.9098058345652267
707.0,-3.8104341313543535
708.0,-3.777107677156293
709.0,-3.736954439149384
710.0,-3.853359519118308
711.0,-3.8158825449970486
712.0,-3.8264370346556227
713.0,-3.8007312977717027
714.0,-3.7606797007107535
715.0,-3.779741252925264
716.0,-3.8766950691398767
717.0,-3.8547930496789142
718.0,-3.8969378277018962
719.0,-3.9153353602268366
720.0,-3.949567374743467
721.0,-3.968612943551527
722.0,-4.10127471208707
723.0,-4.030313070577096
724.0,-4.014997091996549
725.0,-3.9501440095574387
726.0,-3.835162459620915
727.0,-3.8332023740788266
728.0,-3.9366107439289193
729.0,-3.9875463103890585
730.0,-4.056545250074329
731.0,-4.084827476830393
732.0,-4.079530644181613
733.0,-4.194429531011474
734.0,-4.173939606793707
735.0,-4.260426499457365
736.0,-4.2425297325723985
737.0,-4.248125891039668
738.0,-4.265507126593946
739.0,-4.268995025363097
740.0,-4.299429283298017
741.0,-4.334055295103423
742.0,-4.4304683173936965
743.0,-4.431421404916835
744.0,-4.324111857214187
745.0,-4.2090286581713645
746.0,-4.13199389535123
747.0,-4.090538002721595
748.0,-4.128895270115575
749.0,-4.044892126065896
750.0,-4.047441124909997
751.0,-4.05072569151321
752.0,-4.066847173463001
753.0,-4.060842470223744
754.0,-4.085275360340819
755.0,-4.089414095082281
756.0,-4.151334315187669
757.0,-4.172198074537661
758.0,-4.039816793721493
759.0,-4.043144147471037
760.0,-4.056231993419906
761.0,-4.024801884364261
762.0,-3.9832303595925
763.0,-4.0468528495184195
764.0,-4.058121305186393
765.0,-4.004410836067972
766.0,-3.9881471470713827
767.0,-3.9804243013581537
768.0,-3.8900225440208267
769.0,-3.9284887224944454
770.0,-3.923039759669351
771.0,-3.9523946659348774
772.0,-3.8656759668354117
773.0,-3.977705791845241
774.0,-4.0157164000304855
775.0,-4.0455807526566065
776.0,-4.006579629898862
777.0,-3.9708913219634403
778.0,-3.889660868170779
779.0,-3.9798727084785397
780.0,-3.935863602524489
781.0,-3.952123236208491
782.0,-3.9898774602277842
783.0,-3.958043334880535
784.0,-4.0104909393692125
785.0,-4.129715938691278
786.0,-4.150384484356477
787.0,-4.236148762478578
788.0,-4.272889710039317
789.0,-4.250707479571564
790.0,-4.231967452020486
791.0,-4.139624259628619
792.0,-4.1504436091026635
793.0,-4.238260977334611
794.0,-4.281189663758242
795.0,-4.33353841154994
796.0,-4.403108704989498
797.0,-4.377219999450719
798.0,-4.413724163048793
799.0,-4.527133252183215
800.0,-4.486122422957113
801.0,-4.491788677809021
802.0,-4.470418738125677
803.0,-4.463550625554221
804.0,-4.4263189203257385
805.0,-4.423367170039651
806.0,-4.351238754115206
807.0,-4.325958460324922
808.0,-4.302582846559365
809.0,-4.278183586424403
810.0,-4.361551194464911
811.0,-4.370310780010199
812.0,-4.384535262932641
813.0,-4.371802953956538
814.0,-4.4494997814180115
815.0,-4.354393420811405
816.0,-4.347622098174056
817.0,-4.416814266334547
818.0,-4.514721789218981
819.0,-4.530190068167672
820.0,-4.534592985516846
821.0,-4.57528835067005
822.0,-4.56918795116603
823.0,-4.605425089120964
824.0,-4.572787727671225
825.0,-4.6138373914046875
826.0,-4.615271407307394
827.0,-4.5579690604901755
828.0,-4.40871444409783
829.0,-4.466137023759982
830.0,-4.492191848042612
831.0,-4.53991178592342
832.0,-4.493852412068316
833.0,-4.559369673755324
834.0,-4.586554557157078
835.0,-4.5874794567675865
836.0,-4.643199199191773
837.0,-4.69767657086589
838.0,-4.7243335420844375
839.0,-4.8447948295149175
840.0,-4.927421272474398
841.0,-4.950425399770344
842.0,-4.941020960254328
843.0,-4.950901086118723
844.0,-5.052474795407295
845.0,-5.078387723036005
846.0,-5.031421687804889
847.0,-4.998468590399159
848.0,-5.00216054695814
849.0,-5.052537686049785
850.0,-5.015230594718495
851.0,-5.047797656003596
852.0,-5.114441257202622
853.0,-5.159881120698812
854.0,-5.075378717368539
855.0,-5.061798914801301
856.0,-4.9940043744974405
857.0,-5.020825079319341
858.0,-4.965802626488208
859.0,-4.999681509964461
860.0,-5.007915822642807
861.0,-4.863510154980688
862.0,-4.818387327601213
863.0,-4.84649864660432
864.0,-4.85056710400201
865.0,-4.830903318356011
866.0,-4.760191610961894
867.0,-4.787617906385174
868.0,-4.88733450493544
869.0,-4.902644079018038
870.0,-4.900917628337406
871.0,-4.893755575025949
872.0,-4.816899783277982
873.0,-4.7977923344947655
874.0,-4.750038306129524
875.0,-4.81279905393764
876.0,-4.761867927421227
877.0,-4.640028515633093
878.0,-4.594611303610456
879.0,-4.579186748614374
880.0,-4.569513364760294
881.0,-4.465551441621989
882.0,-4.518318845309806
883.0,-4.523960877447194
884.0,-4.496617349611824
885.0,-4.452893670288147
886.0,-4.4773815284930825
887.0,-4.458872852773692
888.0,-4.474156354558138
889.0,-4.466436035126374
890.0,-4.473298748318321
891.0,-4.5384439213222665
892.0,-4.538887008588085
893.0,-4.487468659964427
894.0,-4.542532295809092
895.0,-4.555675129319782
896.0,-4.5165151823697265
897.0,-4.577511715977269
898.0,-4.566184501362302
899.0,-4.62661047624963
900.0,-4.560311574385488
901.0,-4.426001124949763
902.0,-4.30848947910436
903.0,-4.320407289010531
904.0,-4.276933242457204
905.0,-4.269216237869837
906.0,-4.262591273058917
907.0,-4.172502731952955
908.0,-4.247952256576336
909.0,-4.186298551786137
910.0,-4.188410479891091
911.0,-4.10637228588868
912.0,-4.0948603244381605
913.0,-4.132996990412615
914.0,-4.1162896936033455
915.0,-4.07309488019326
916.0,-4.070333714854925
917.0,-4.041460935226841
918.0,-4.0708889251232945
919.0,-4.193392798066489
920.0,-4.1407129970820336
921.0,-4.099639082043685
922.0,-4.090383112291131
923.0,-4.085734122340994
924.0,-4.025205048707326
925.0,-4.050907956547548
926.0,-4.0910071643231225
927.0,-4.101193685124829
928.0,-4.03183997442685
929.0,-4.111235679707176
930.0,-4.041722473683243
931.0,-4.0779387692997595
932.0,-4.140793048110426
933.0,-4.067335421546333
934.0,-4.0722340097812815
935.0,-4.146606874336217
936.0,-4.166609420673343
937.0,-4.112142747332923
938.0,-4.042615287339936
939.0,-4.06658270347051
940.0,-4.04242852819697
941.0,-4.000509726884977
942.0,-4.037043315579459
943.0,-4.015855113056517
944.0,-4.017009022556394
945.0,-4.047269646281756
946.0,-4.07499188708846
947.0,-4.070424976504504
948.0,-4.068005492435349
949.0,-4.09995859155929
950.0,-4.1238496025064215
951.0,-4.058866021248934
952.0,-4.045826789801552
953.0,-3.994034155905365
954.0,-3.923964084802992
955.0,-3.8892964082938373
956.0,-3.757521799954049
957.0,-3.804528353124113
958.0,-3.757204369802947
959.0,-3.774930077598671
960.0,-3.667141007440087
961.0,-3.568339105711592
962.0,-3.680555486836967
963.0,-3.7358637665033734
964.0,-3.6968709481189634
965.0,-3.6506359152272547
966.0,-3.6074862365945446
967.0,-3.610960901438938
968.0,-3.584067147556832
969.0,-3.5457521943962043
970.0,-3.5496419016928784
971.0,-3.4897237373531858
972.0,-3.6195792581024424
973.0,-3.582368357944065
974.0,-3.641456960793383
975.0,-3.58548511722033
976.0,-3.598075233240133
977.0,-3.6487742524097535
978.0,-3.626563195815377
979.0,-3.678559051605547
980.0,-3.730628833132401
981.0,-3.8204788153462887
982.0,-3.8213676276461057
983.0,-3.792030195650869
984.0,-3.732317465822669
985.0,-3.7398620394274573
986.0,-3.6787247126066105
987.0,-3.6770588092925336
988.0,-3.681816181129821
989.0,-3.6480720544375216
990.0,-3.5863420335572704
991.0,-3.6054416290682454
992.0,-3.618898815640669
993.0,-3.627565723205995
994.0,-3.6221668657958315
995.0,-3.673532701385242
996.0,-3.613552705545261
997.0,-3.6360525824873533
998.0,-3.608731766487359
999.0,-3.6557734879406896
1000.0,-3.6344329299464193
1001.0,-3.611202942967079
1002.0,-3.6348736131081236
1003.0,-3.5175760782795407
1004.0,-3.495552700657196
1005.0,-3.3923640511673963
1006.0,-3.3364081707328928
1007.0,-3.374074222088789
1008.0,-3.3955629462192856
1009.0,-3.369804065883983
1010.0,-3.3656961561908396
1011.0,-3.3622651062199096
1012.0,-3.378214333927736
1013.0,-3.4820492152430917
1014.0,-3.4944692732875917
1015.0,-3.6219351506541124
1016.0,-3.5998489208258424
1017.0,-3.6411524456410485
1018.0,-3.6818345471223792
1019.0,-3.6938666000685902
1020.0,-3.6774923401809714
1021.0,-3.759540540159626
1022.0,-3.8598533344589225
1023.0,-3.920742784017779
1024.0,-4.037951675514086
1025.0,-4.09308242330566
1026.0,-4.000532982931717
1027.0,-4.060851056014039
1028.0,-4.022547905296528
1029.0,-4.10105157088799
1030.0,-4.083080732615801
1031.0,-4.10084251700839
1032.0,-4.103594717320381
1033.0,-4.07005476460323
1034.0,-3.967962364788514
1035.0,-3.9560426135624005
1036.0,-3.9481864091155483
1037.0,-4.003708826566587
1038.0,-3.9693452096623876
1039.0,-3.9828735909978814
1040.0,-3.934156717833155
1041.0,-3.936007515567147
1042.0,-3.8348262528663724
1043.0,-3.948654377029251
1044.0,-3.965103475146886
1045.0,-3.9135332228893693
1046.0,-3.933111376822279
1047.0,-3.978175093639165
1048.0,-3.9928455966924834
1049.0,-4.071833191091872
1050.0,-4.064269258932642
1051.0,-3.9226742890997066
1052.0,-3.8558952324360685
1053.0,-3.9192646875136528
1054.0,-3.96901700903668
1055.0,-3.9917054248030692
1056.0,-3.933032998567782
1057.0,-3.979789169908906
1058.0,-4.018959302638495
1059.0,-3.967191176809656
1060.0,-3.916592194345162
1061.0,-3.9375048013483522
1062.0,-4.001365734406397
1063.0,-4.090156207876443
1064.0,-4.1298131561625695
1065.0,-4.2578867569995005
1066.0,-4.213867944702686
1067.0,-4.249522368474923
1068.0,-4.221008354584655
1069.0,-4.112418930518748
1070.0,-4.043992920181922
1071.0,-4.109762347746667
1072.0,-4.058873616680918
1073.0,-3.9913307926884736
1074.0,-4.033739336337408
1075.0,-4.088088339545039
1076.0,-4.093722492212596
1077.0,-4.1854808371956675
1078.0,-4.099852352812303
1079.0,-4.238025172963361
1080.0,-4.301202183271593
1081.0,-4.316030188705092
1082.0,-4.328403186428263
1083.0,-4.3180720058870214
1084.0,-4.301661684784455
1085.0,-4.313259155074312
1086.0,-4.2468835849928865
1087.0,-4.369674465641954
1088.0,-4.368936911061383
1089.0,-4.409446534606215
1090.0,-4.401042015511583
1091.0,-4.387544024837698
1092.0,-4.439438381737594
1093.0,-4.4756846094596305
1094.0,-4.429159417045455
1095.0,-4.408249421455006
1096.0,-4.446769935566428
1097.0,-4.328236542845777
1098.0,-4.194176140706177
1099.0,-4.277894402226693
1100.0,-4.259738900271679
1101.0,-4.114153781112513
1102.0,-4.068192004449785
1103.0,-4.054733580707719
1104.0,-4.066052538035029
1105.0,-4.096603260027876
1106.0,-4.1081724343896004
1107.0,-4.139266466224221
1108.0,-4.0955515005449215
1109.0,-4.117838724498235
1110.0,-4.142604620725382
1111.0,-4.21130316809357
1112.0,-4.213446263667058
1113.0,-4.264348059003003
1114.0,-4.27405462898603
1115.0,-4.213174674666268
1116.0,-4.191327694387572
1117.0,-4.16147080381524
1118.0,-4.1402004284654526
1119.0,-4.13607609487109
1120.0,-4.142720277586229
1121.0,-4.159783225727282
1122.0,-4.115244415634457
1123.0,-4.17713947554714
1124.0,-4.099018684510247
1125.0,-4.0963504059807985
1126.0,-4.1388763186990145
1127.0,-4.166409585894707
1128.0,-4.20478334291535
1129.0,-4.194814953871688
1130.0,-4.235542483085142
1131.0,-4.168877386392822
1132.0,-4.213292610753829
1133.0,-4.343776408300308
1134.0,-4.385238000769974
1135.0,-4.500450311192584
1136.0,-4.501982729722547
1137.0,-4.44006254271185
1138.0,-4.401905026651414
1139.0,-4.4783782296956325
1140.0,-4.521621421774982
1141.0,-4.418158936611734
1142.0,-4.399014330006297
1143.0,-4.39802446834803
1144.0,-4.336300768350993
1145.0,-4.1939503463215235
1146.0,-4.118375642770309
1147.0,-4.1096224092959455
1148.0,-4.088441884399689
1149.0,-4.0521157936283085
1150.0,-4.086797195814975
1151.0,-4.147223701831717
1152.0,-4.1434865306456645
1153.0,-4.197465413455861
1154.0,-4.200296336459079
1155.0,-4.194028574760147
1156.0,-4.058151698121028
1157.0,-4.106593298552821
1158.0,-4.112922710176617
1159.0,-4.121705584192264
1160.0,-4.0957527894917405
1161.0,-4.034619909715348
1162.0,-4.062248217031879
1163.0,-4.1089745043275565
1164.0,-4.202998493164461
1165.0,-4.255754377353478
1166.0,-4.224055374656484
1167.0,-4.220697784153384
1168.0,-4.278602309892908
1169.0,-4.299392567358168
1170.0,-4.296840438680715
1171.0,-4.267025921135855
1172.0,-4.300556056380963
1173.0,-4.314279983748254
1174.0,-4.418529779640619
1175.0,-4.484249664678327
1176.0,-4.390084166686717
1177.0,-4.51566598522686
1178.0,-4.534397012747634
1179.0,-4.520966382813749
1180.0,-4.54180652844891
1181.0,-4.587689043799797
1182.0,-4.590431089282028
1183.0,-4.589932972853694
1184.0,-4.593889314579716
1185.0,-4.701513689194081
1186.0,-4.70922025658621
1187.0,-4.757785108204984
1188.0,-4.788595248313582
1189.0,-4.774672181478922
1190.0,-4.73686339738868
1191.0,-4.6842781053267855
1192.0,-4.712137688146236
1193.0,-4.6579847616122025
1194.0,-4.5894232277222455
1195.0,-4.523014784840801
1196.0,-4.442003227160502
1197.0,-4.449654792220978
1198.0,-4.458947576550047
1199.0,-4.410550932394481
1200.0,-4.488693209353122
1201.0,-4.475834417070173
1202.0,-4.505701052542021
1203.0,-4.526222790007184
1204.0,-4.62599535676417
1205.0,-4.676620082039512
1206.0,-4.677003770459126
1207.0,-4.624909307790789
1208.0,-4.566959407482316
1209.0,-4.570816277450668
1210.0,-4.580963405240703
1211.0,-4.628139515070353
1212.0,-4.604118211121874
1213.0,-4.6176249996361385
1214.0,-4.5818547962874865
1215.0,-4.479937783709005
1216.0,-4.481041048990834
1217.0,-4.566724757499742
1218.0,-4.615645239889843
1219.0,-4.699042316961857
1220.0,-4.767354114582644
1221.0,-4.6911792329110895
1222.0,-4.677291018110177
1223.0,-4.7642586859841884
1224.0,-4.7257067031726105
1225.0,-4.652131004742828
1226.0,-4.672113029581477
1227.0,-4.710342620266103
1228.0,-4.729015837121626
1229.0,-4.711775585704362
1230.0,-4.6740213524112075
1231.0,-4.604966946580332
1232.0,-4.53417720561131
1233.0,-4.464962705840872
1234.0,-4.385568791753073
1235.0,-4.346633779766896
1236.0,-4.434277600087945
1237.0,-4.4410807258605915
1238.0,-4.422197255987111
1239.0,-4.443561028959205
1240.0,-4.3901896743043505
1241.0,-4.410236077546794
1242.0,-4.462930119909745
1243.0,-4.37878048223269
1244.0,-4.339580095889675
1245.0,-4.326179564985488
1246.0,-4.27193637386811
1247.0,-4.209860587762289
1248.0,-4.1894511455045915
1249.0,-4.330628052411423
1250.0,-4.368892850229095
1251.0,-4.39450653939728
1252.0,-4.450578106407686
1253.0,-4.438346575084377
1254.0,-4.3687559596633125
1255.0,-4.396005100912969
1256.0,-4.460773141283696
1257.0,-4.342921869581382
1258.0,-4.368243152830599
1259.0,-4.438681607854639
1260.0,-4.424200454983627
1261.0,-4.39886728495216
1262.0,-4.43882132717019
1263.0,-4.392425594410043
1264.0,-4.419810052899704
1265.0,-4.4723410247166395
1266.0,-4.461265471132645
1267.0,-4.416002392018027
1268.0,-4.451842851766018
1269.0,-4.431993075837009
1270.0,-4.436633111180224
1271.0,-4.272805858132821
1272.0,-4.312984078553325
1273.0,-4.232331533100186
1274.0,-4.234630175240504
1275.0,-4.241224817720187
1276.0,-4.198834370424442
1277.0,-4.146501955544617
1278.0,-4.072641874860442
1279.0,-4.052970886881811
1280.0,-4.086941880414644
1281.0,-4.117284176736638
1282.0,-4.0871554326547255
1283.0,-4.052918410502479
1284.0,-3.971509002586918
1285.0,-3.9466719277584574
1286.0,-3.884788349425645
1287.0,-3.796553377707154
1288.0,-3.786389543555357
1289.0,-3.8715109796575136
1290.0,-3.9389346887355976
1291.0,-4.021272863817055
1292.0,-3.92869486132349
1293.0,-3.9769483577715588
1294.0,-3.90514804068278
1295.0,-3.8706631570514567
1296.0,-3.7709703075305194
1297.0,-3.7124119623423586
1298.0,-3.717687626923679
1299.0,-3.728600803212597
1300.0,-3.7230461897100215
1301.0,-3.7122909906690067
1302.0,-3.742298826284534
1303.0,-3.743542827169718
1304.0,-3.6499886826362036
1305.0,-3.7476376706991568
1306.0,-3.7320731435058954
1307.0,-3.7837980416327395
1308.0,-3.772352561036053
1309.0,-3.723218532414325
1310.0,-3.7259081250043335
1311.0,-3.680642711828453
1312.0,-3.7718028786260556
1313.0,-3.7072459935506514
1314.0,-3.7414338745947058
1315.0,-3.704859481051011
1316.0,-3.6936924413080607
1317.0,-3.8423384584609632
1318.0,-3.8853329430332435
1319.0,-3.8719376381739252
1320.0,-3.781556829074331
1321.0,-3.7643248804331106
1322.0,-3.7488032414822223
1323.0,-3.8297236886560047
1324.0,-3.746441654433267
1325.0,-3.6414695124465646
1326.0,-3.6391971748933947
1327.0,-3.6512626858045363
1328.0,-3.744114333790138
1329.0,-3.692475663534114
1330.0,-3.5358282170872624
1331.0,-3.4938211784974986
1332.0,-3.420263907596998
1333.0,-3.388381744414058
1334.0,-3.4446723751237274
1335.0,-3.366910633156066
1336.0,-3.4376132309597263
1337.0,-3.4491882701778644
1338.0,-3.432499073488744
1339.0,-3.380937430007461
1340.0,-3.356342471101482
1341.0,-3.3334347602970107
1342.0,-3.376829400312241
1343.0,-3.4506939806125816
1344.0,-3.446554451469588
1345.0,-3.4869683326520455
1346.0,-3.5618772284138225
1347.0,-3.6343577326929672
1348.0,-3.662033972525336
1349.0,-3.768366590455338
1350.0,-3.845518480908098
1351.0,-3.9392657140245566
1352.0,-3.928069490166116
1353.0,-3.9038429550219664
1354.0,-3.787293204653968
1355.0,-3.8731056407948277
1356.0,-3.9116800316274762
1357.0,-3.858321635819508
1358.0,-3.8701774469201426
1359.0,-3.88839502444274
1360.0,-3.7890512938079217
1361.0,-3.8079413948393706
1362.0,-3.8740433195369635
1363.0,-3.9494145653780914
1364.0,-3.9293580407535833
1365.0,-3.9110631335992454
1366.0,-3.989589759660415
1367.0,-4.045799566763888
1368.0,-4.014236236064437
1369.0,-3.9802214374147376
1370.0,-4.016677411001061
1371.0,-3.980067038488516
1372.0,-3.9463705541686482
1373.0,-4.048642143453898
1374.0,-4.065966984349699
1375.0,-4.041304567127453
1376.0,-4.073700194536004
1377.0,-4.196495031431502
1378.0,-4.212117448478988
1379.0,-4.167975213273593
1380.0,-4.076017884553557
1381.0,-4.201805932098161
1382.0,-4.050207400381605
1383.0,-4.114590211057062
1384.0,-4.058636029252309
1385.0,-3.986685693704868
1386.0,-3.9292495875455575
1387.0,-3.9199396041771477
1388.0,-3.9863239194361615
1389.0,-3.9494680169212195
1390.0,-3.9900868106082803
1391.0,-4.135052513736425
1392.0,-3.971019033852103
1393.0,-3.929457847098224
1394.0,-3.823819323116201
1395.0,-3.875798158701099
1396.0,-3.790409225482688
1397.0,-3.697970066985188
1398.0,-3.607585892165935
1399.0,-3.6081934765620565
1400.0,-3.677000787329361
1401.0,-3.686609315803024
1402.0,-3.8131559759757505
1403.0,-3.910769798386797
1404.0,-3.9047931133195593
1405.0,-3.9613639551576743
1406.0,-3.970181051991014
1407.0,-3.9757954013816437
1408.0,-3.863645109225381
1409.0,-3.7880660638071655
1410.0,-3.790009164401615
1411.0,-3.7195653657955425
1412.0,-3.763946217020228
1413.0,-3.7827534801172895
1414.0,-3.7295549440656686
1415.0,-3.8006046349142735
1416.0,-3.8160618318803095
1417.0,-3.891668497666782
1418.0,-3.884220893592257
1419.0,-3.7893034943163033
1420.0,-3.8320779976392294
1421.0,-3.818381695188431
1422.0,-3.869535797222013
1423.0,-3.9352434888318966
1424.0,-4.005922512997659
1425.0,-3.9212474977578244
1426.0,-3.7841818339055213
1427.0,-3.7556463373762754
1428.0,-3.7963594545458994
1429.0,-3.755013479938802
1430.0,-3.773673689241702
1431.0,-3.7267597753776998
1432.0,-3.7093221116918507
1433.0,-3.692539228057586
1434.0,-3.6568468407196857
1435.0,-3.689678735826065
1436.0,-3.712394124314447
1437.0,-3.8111356026344643
1438.0,-3.8359953834330245
1439.0,-3.917457986179713
1440.0,-3.9251414186054574
1441.0,-3.9797592131683053
1442.0,-3.973234049483764
1443.0,-3.946386989786723
1444.0,-4.027703118369713
1445.0,-4.0739692204310645
1446.0,-4.127734860345846
1447.0,-4.083930352286629
1448.0,-3.9847152935859875
1449.0,-3.9348705651664333
1450.0,-3.954371558960342
1451.0,-3.869113324266425
1452.0,-3.9558688998425637
1453.0,-3.8686271150000247
1454.0,-3.905852267643769
1455.0,-4.065704814916671
1456.0,-3.911965446725863
1457.0,-3.8201894405767525
1458.0,-3.8791121641692623
1459.0,-3.868691260573439
1460.0,-3.880413989035161
1461.0,-3.8738488608638293
1462.0,-3.9588241583166015
1463.0,-3.99749341916927
1464.0,-3.9697922383170092
1465.0,-3.956256181231951
1466.0,-3.8863417400219005
1467.0,-3.8810729359948497
1468.0,-3.7447770387239263
1469.0,-3.78545960100668
1470.0,-3.769839864724952
1471.0,-3.8798340267781044
1472.0,-3.951520393511054
1473.0,-3.874142347486208
1474.0,-3.927912755523295
1475.0,-3.896602682192536
1476.0,-3.899502849295037
1477.0,-3.9591432406544524
1478.0,-3.9785725547411634
1479.0,-4.007581658652685
1480.0,-4.035034591875682
1481.0,-3.9908351597829257
1482.0,-3.9524897440936644
1483.0,-3.9851517026010805
1484.0,-4.036841993780495
1485.0,-4.019851089424432
1486.0,-4.024938235983272
1487.0,-3.9648822046885437
1488.0,-3.810900910627745
1489.0,-3.7615831225408134
1490.0,-3.7629451840194315
1491.0,-3.772234822791042
1492.0,-3.821051168194209
1493.0,-3.872744687313653
1494.0,-3.9300148126489924
1495.0,-3.9521676121634735
1496.0,-3.9761530759443375
1497.0,-3.9325339883945207
1498.0,-3.9548978893316664
1499.0,-3.9656215126903858
1500.0,-4.0352806216724995
1501.0,-3.939641119640031
1502.0,-3.9096967126437505
1503.0,-3.80574765845936
1504.0,-3.7590887936456725
1505.0,-3.672441956644359
1506.0,-3.6861605388027816
1507.0,-3.644125043067594
1508.0,-3.4872995493277776
1509.0,-3.5573441451000263
1510.0,-3.4888240509741357
1511.0,-3.390196735878961
1512.0,-3.3653033255301628
1513.0,-3.3205484224948094
1514.0,-3.2461010010283746
1515.0,-3.284245547209359
1516.0,-3.259584785271725
1517.0,-3.3102965056355242
1518.0,-3.3496397338460717
1519.0,-3.385530361399584
1520.0,-3.393396363524961
1521.0,-3.384168917673842
1522.0,-3.356857117532301
1523.0,-3.440051471324562
1524.0,-3.3224474161557422
1525.0,-3.253548324293744
1526.0,-3.210062471300266
1527.0,-3.2306753113129303
1528.0,-3.2353945781277154
1529.0,-3.202442486859276
1530.0,-3.1775631386222947
1531.0,-3.2763854789849645
1532.0,-3.2319883294274625
1533.0,-3.058909223945918
1534.0,-3.167695409787465
1535.0,-3.1082827360416876
1536.0,-3.085898512880577
1537.0,-3.091976704104005
1538.0,-3.010213998765855
1539.0,-3.0797663792577556
1540.0,-3.069592619153265
1541.0,-2.9823524400316024
1542.0,-2.9935107329418136
1543.0,-3.01778246603735
1544.0,-3.0104551186857273
1545.0,-3.036311224463034
1546.0,-2.944041428067385
1547.0,-2.9973383621154546
1548.0,-2.9450415770238023
1549.0,-3.018824807590255
1550.0,-2.978611688967848
1551.0,-2.984326261759797
1552.0,-3.137111900181745
1553.0,-3.1369302451434558
1554.0,-3.1997167848639667
1555.0,-3.225542044506205
1556.0,-3.133679660389319
1557.0,-3.1994572769918106
1558.0,-3.261838605244278
1559.0,-3.1757821398207366
1560.0,-3.1683573610648925
1561.0,-3.0763212068971644
1562.0,-3.056592173997852
1563.0,-3.1084390129642867
1564.0,-3.1118432298545513
1565.0,-3.038326730739617
1566.0,-2.981948348988161
1567.0,-2.9813859187278777
1568.0,-2.977981165772914
1569.0,-2.984152009107822
1570.0,-3.017974954571788
1571.0,-2.9028041716347155
1572.0,-2.901881054553415
1573.0,-2.9685255294472803
1574.0,-2.9963322916928106
1575.0,-2.9527023648741637
1576.0,-2.914117880370787
1577.0,-2.921760257004428
1578.0,-2.960939542903336
1579.0,-2.959014082286993
1580.0,-3.057852142288853
1581.0,-3.134604417664772
1582.0,-3.0866449885101805
1583.0,-3.114567305957203
1584.0,-3.0917789047867315
1585.0,-3.0189318612752056
1586.0,-2.979853789796468
1587.0,-2.9781209597525846
1588.0,-2.851288619316422
1589.0,-2.8111661278779128
1590.0,-2.8317276501613007
1591.0,-2.7877865636523063
1592.0,-2.7630989740949965
1593.0,-2.813432600114327
1594.0,-2.8086206023196194
1595.0,-2.8179336898010936
1596.0,-2.9341663062950003
1597.0,-2.943898289983493
1598.0,-2.9601990804527865
1599.0,-2.98571066998072
1600.0,-3.082835742997732
1601.0,-3.1033617706713272
1602.0,-3.105186920339599
1603.0,-3.0986056748046202
1604.0,-3.1654734657396433
1605.0,-3.127391433131824
1606.0,-3.1990065743305416
1607.0,-3.211741098212794
1608.0,-3.1337313068746497
1609.0,-3.174288881659852
1610.0,-3.2040571816178676
1611.0,-3.139807286665828
1612.0,-3.1620592899404127
1613.0,-3.179142680310043
1614.0,-3.1654726046386
1615.0,-3.1026688697006457
1616.0,-3.2328866659534894
1617.0,-3.2814763512507996
1618.0,-3.3406660954681717
1619.0,-3.40443565739242
1620.0,-3.454532477327844
1621.0,-3.5036833947876156
1622.0,-3.4852317974110565
1623.0,-3.537297668666941
1624.0,-3.5294423098633154
1625.0,-3.5050855277391073
1626.0,-3.5476751582129515
1627.0,-3.5393392923196494
1628.0,-3.441882584855202
1629.0,-3.42223847566382
1630.0,-3.4593531840114857
1631.0,-3.4626023317733163
1632.0,-3.516162463291355
1633.0,-3.4995608625256467
1634.0,-3.448014342168916
1635.0,-3.495803595596321
1636.0,-3.507557995503
1637.0,-3.4412965094342063
1638.0,-3.4700656110566994
1639.0,-3.458381314935704
1640.0,-3.518188449481816
1641.0,-3.5658988186914735
1642.0,-3.5955113431577916
1643.0,-3.4692467485120124
1644.0,-3.4922701564900067
1645.0,-3.5222702864012616
1646.0,-3.5541841019203884
1647.0,-3.5631375241990324
1648.0,-3.5246582163639935
1649.0,-3.513115394626875
1650.0,-3.3937067961287815
1651.0,-3.380783169587562
1652.0,-3.2966392631202512
1653.0,-3.280099735943572
1654.0,-3.2445756960325913
1655.0,-3.327367274913237
1656.0,-3.334134198773586
1657.0,-3.337544884742696
1658.0,-3.3510014172827614
1659.0,-3.4747250254139703
1660.0,-3.4232880988761503
1661.0,-3.4450549778688546
1662.0,-3.4697580604063574
1663.0,-3.4838971912197545
1664.0,-3.4964697317016924
1665.0,-3.472368126351762
1666.0,-3.5451575610272563
1667.0,-3.598305208360092
1668.0,-3.5809103100289024
1669.0,-3.5718928792140536
1670.0,-3.593028393108541
1671.0,-3.625548966268794
1672.0,-3.673104664123808
1673.0,-3.675845835971536
1674.0,-3.607047781098035
1675.0,-3.6675176978848985
1676.0,-3.5789418795094496
1677.0,-3.529602720131126
1678.0,-3.5551511621148397
1679.0,-3.5093325136781184
1680.0,-3.5933665207840173
1681.0,-3.6927247140192145
1682.0,-3.7665590078838336
1683.0,-3.789571788740076
1684.0,-3.80771146537367
1685.0,-3.836802248796968
1686.0,-3.8304061257347817
1687.0,-3.953024436227566
1688.0,-3.9237496038739312
1689.0,-4.0050221448728465
1690.0,-4.042491661625374
1691.0,-4.065636477778542
1692.0,-4.1316952564751475
1693.0,-4.210143592101011
1694.0,-4.267509965210696
1695.0,-4.267468790567462
1696.0,-4.232676574173872
1697.0,-4.199376809779432
1698.0,-4.256075838452259
1699.0,-4.301049934782465
1700.0,-4.353465662737088
1701.0,-4.326751455099814
1702.0,-4.443642249519325
1703.0,-4.371387000422196
1704.0,-4.398629877371356
1705.0,-4.443114703373567
1706.0,-4.422756720967382
1707.0,-4.362382304124466
1708.0,-4.341857444460278
1709.0,-4.28033491776449
1710.0,-4.271845928832183
1711.0,-4.2001223830983365
1712.0,-4.127514969092408
1713.0,-4.132552727198151
1714.0,-4.048753622772148
1715.0,-4.038550530896724
1716.0,-4.032843305639405
1717.0,-4.085355145688229
1718.0,-4.101329422393044
1719.0,-4.055734485916295
1720.0,-4.130826809919859
1721.0,-4.0926145315777
1722.0,-4.071787494457188
1723.0,-4.055066353482148
1724.0,-4.181764973342219
1725.0,-4.187010778867085
1726.0,-4.148867645814314
1727.0,-4.192207567797375
1728.0,-4.1862769955769625
1729.0,-4.32285942117345
1730.0,-4.283357476996087
1731.0,-4.320870757312826
1732.0,-4.269824231322995
1733.0,-4.3754875644726585
1734.0,-4.33477144155156
1735.0,-4.347710052033159
1736.0,-4.3003397273416395
1737.0,-4.3530504077008
1738.0,-4.388012829975928
1739.0,-4.2577946532397695
1740.0,-4.304984037502679
1741.0,-4.3450105442036415
1742.0,-4.360236179387467
1743.0,-4.418528195750967
1744.0,-4.349041736167346
1745.0,-4.248704520674192
1746.0,-4.288629731974776
1747.0,-4.387549049150514
1748.0,-4.31913479932494
1749.0,-4.254403430908522
1750.0,-4.206237569619496
1751.0,-4.138747239673488
1752.0,-4.188126261471459
1753.0,-4.197138391397347
1754.0,-4.27633244115715
1755.0,-4.357479015538294
1756.0,-4.300090137327991
1757.0,-4.338147911174112
1758.0,-4.20579512090901
1759.0,-4.200793294775996
1760.0,-4.237050058364129
1761.0,-4.190259755724706
1762.0,-4.085547445507411
1763.0,-4.056782183899731
1764.0,-4.126360533317004
1765.0,-4.10423522145479
1766.0,-4.024113357871462
1767.0,-4.0519026627198
1768.0,-4.095876176391532
1769.0,-4.036491285456995
1770.0,-4.027720153402066
1771.0,-4.090686860129813
1772.0,-4.111912184165473
1773.0,-4.154837393448254
1774.0,-4.137021990507993
1775.0,-4.129982074345432
1776.0,-4.062854909087505
1777.0,-4.021187780790975
1778.0,-4.110770983569273
1779.0,-4.086570584408264
1780.0,-4.0340875202893764
1781.0,-4.007077638701156
1782.0,-3.9469220544014907
1783.0,-3.9779771191054047
1784.0,-4.032193333219199
1785.0,-3.977806359276989
1786.0,-4.038640932930077
1787.0,-4.162631432217996
1788.0,-4.102724056221989
1789.0,-4.143833478255202
1790.0,-4.160795776273464
1791.0,-4.240796809313784
1792.0,-4.316601160750255
1793.0,-4.3826388694530225
1794.0,-4.402711729121298
1795.0,-4.380597121552712
1796.0,-4.512512393782791
1797.0,-4.468314182497207
1798.0,-4.535792961702896
1799.0,-4.596581046834608
1800.0,-4.556659202323812
1801.0,-4.560189174153061
1802.0,-4.648115596392646
1803.0,-4.540823332004675
1804.0,-4.589735030607841
1805.0,-4.574671562447234
1806.0,-4.562348788068279
1807.0,-4.480085783404277
1808.0,-4.505627906835218
1809.0,-4.446655525962132
1810.0,-4.488728323792583
1811.0,-4.423174777335843
1812.0,-4.466469516092004
1813.0,-4.486618066979491
1814.0,-4.376387341470422
1815.0,-4.357338789395268
1816.0,-4.350256908300299
1817.0,-4.220068399942322
1818.0,-4.198483986950271
1819.0,-4.244885910828862
1820.0,-4.201746425005614
1821.0,-4.269252461249709
1822.0,-4.203379191166586
1823.0,-4.1330334102880535
1824.0,-4.165406627960949
1825.0,-4.200946427584716
1826.0,-4.190037742707569
1827.0,-4.1885041530814044
1828.0,-4.244234894589488
1829.0,-4.210710719068654
1830.0,-4.327878591485736
1831.0,-4.352129836713717
1832.0,-4.374707325880368
1833.0,-4.389736406624502
1834.0,-4.371248343531231
1835.0,-4.441400929506698
1836.0,-4.406663679964122
1837.0,-4.416311500304048
1838.0,-4.453096719017902
1839.0,-4.531249147769169
1840.0,-4.598781317327162
1841.0,-4.577191735316446
1842.0,-4.632057059024044
1843.0,-4.627558634955665
1844.0,-4.56545387901971
1845.0,-4.505053705986895
1846.0,-4.414193947811576
1847.0,-4.43054578683913
1848.0,-4.49243943817004
1849.0,-4.432751329288375
1850.0,-4.414118506037418
1851.0,-4.348472533915713
1852.0,-4.347090783306331
1853.0,-4.277316936077243
1854.0,-4.2277194725238365
1855.0,-4.185634108639764
1856.0,-4.155847613037337
1857.0,-4.132175953534397
1858.0,-4.118015175613081
1859.0,-4.104268444431998
1860.0,-4.046397854624479
1861.0,-4.075265230433325
1862.0,-3.974358682677644
1863.0,-3.9798131304827993
1864.0,-3.922241662003847
1865.0,-3.926781181082817
1866.0,-3.940351114551813
1867.0,-3.822345943293178
1868.0,-3.839552492941768
1869.0,-3.9126362155800445
1870.0,-3.953194852102485
1871.0,-3.9708341663592774
1872.0,-3.845725240877987
1873.0,-3.8331307047185446
1874.0,-3.778509677771851
1875.0,-3.835691092772972
1876.0,-3.814677482292292
1877.0,-3.7752574929432137
1878.0,-3.6705950827035476
1879.0,-3.7101667397154108
1880.0,-3.674689957986003
1881.0,-3.6565920317489105
1882.0,-3.714955616004024
1883.0,-3.7154438022130547
1884.0,-3.730020329669536
1885.0,-3.8636376695475927
1886.0,-3.828412952324859
1887.0,-3.796567466856662
1888.0,-3.8212603063179342
1889.0,-3.8978889219744994
1890.0,-3.8117815653647975
1891.0,-3.7957724156125225
1892.0,-3.736424202272832
1893.0,-3.6543604449649583
1894.0,-3.6838102516380116
1895.0,-3.6362906924632887
1896.0,-3.649591765976584
1897.0,-3.6525790682030363
1898.0,-3.6568976321418205
1899.0,-3.6563485864352967
1900.0,-3.591408963882243
1901.0,-3.5836457798789723
1902.0,-3.5919088732778834
1903.0,-3.607260674151539
1904.0,-3.5869381843368773
1905.0,-3.6379901822328815
1906.0,-3.666389218419374
1907.0,-3.6687808221592513
1908.0,-3.700822863803135
1909.0,-3.7070303837840894
1910.0,-3.741659837251649
1911.0,-3.625321595424033
1912.0,-3.5479684418134534
1913.0,-3.521383870124027
1914.0,-3.5238775102484574
1915.0,-3.3967912295521976
1916.0,-3.377564808982949
1917.0,-3.3820013979966452
1918.0,-3.3639221912575707
1919.0,-3.3456834456620936
1920.0,-3.2636867267276037
1921.0,-3.264223683980003
1922.0,-3.142461047172901
1923.0,-3.192847323693274
1924.0,-3.152230456876819
1925.0,-3.209532037917889
1926.0,-3.104072953943864
1927.0,-3.1226274767327324
1928.0,-3.125453182045634
1929.0,-3.0715580024280276
1930.0,-2.9985557513737815
1931.0,-3.0622373482815615
1932.0,-3.0816993176001124
1933.0,-3.161708393645695
1934.0,-3.1532405417812805
1935.0,-3.1585542002625027
1936.0,-3.1781599194562964
1937.0,-3.2171339654263407
1938.0,-3.238864274527354
1939.0,-3.2814037034441674
1940.0,-3.250303078528956
1941.0,-3.162223980076197
1942.0,-3.2731537650576636
1943.0,-3.2792895644275255
1944.0,-3.3028720857744864
1945.0,-3.2738805030368456
1946.0,-3.328271084866189
1947.0,-3.336156550176773
1948.0,-3.3956070733774886
1949.0,-3.354802681349073
1950.0,-3.348497510677515
1951.0,-3.3572477797796036
1952.0,-3.3353010044731284
1953.0,-3.3489615115283344
1954.0,-3.438098859193308
1955.0,-3.403116560133693
1956.0,-3.385891466956641
1957.0,-3.394208394627899
1958.0,-3.336763443085843
1959.0,-3.265843106522297
1960.0,-3.32834773536652
1961.0,-3.372874158987577
1962.0,-3.2829649755389525
1963.0,-3.2004862591807424
1964.0,-3.2425702415013307
1965.0,-3.3101842085103756
1966.0,-3.3464282692588383
1967.0,-3.3746149178915674
1968.0,-3.465494066938378
1969.0,-3.4631021533884545
1970.0,-3.536421254758807
1971.0,-3.605698536485844
1972.0,-3.5521906663809912
1973.0,-3.5910273243046498
1974.0,-3.594539782008192
1975.0,-3.55760435355845
1976.0,-3.5100446210377707
1977.0,-3.5289023993745867
1978.0,-3.525751963702637
1979.0,-3.572804027473221
1980.0,-3.471308196250827
1981.0,-3.4331898606516655
1982.0,-3.496298490495367
1983.0,-3.4954664657631005
1984.0,-3.453671944339693
1985.0,-3.4254026890520715
1986.0,-3.3192098858177173
1987.0,-3.2394115426903656
1988.0,-3.269994595930948
1989.0,-3.274584386334668
1990.0,-3.348014380280314
1991.0,-3.333039818908164
1992.0,-3.3237507873763303
1993.0,-3.167096893015467
1994.0,-3.160921935259477
1995.0,-3.281235517006224
1996.0,-3.319477478434917
1997.0,-3.312423485748447
1998.0,-3.3843732605141534
1999.0,-3.4338629167827803
2000.0,-3.454385846397251
2001.0,-3.4340607702017745
2002.0,-3.4430196982282153
2003.0,-3.4937709307409444
2004.0,-3.4476968277919773
2005.0,-3.4782633817632695
2006.0,-3.5064963368242883
2007.0,-3.585551077378547
2008.0,-3.630318720692363
2009.0,-3.5920680197628907
2010.0,-3.684849273046219
2011.0,-3.6883285152172167
2012.0,-3.646260073851636
2013.0,-3.667409073757458
2014.0,-3.6529377703471853
2015.0,-3.716791385339974
2016.0,-3.640507021461045
2017.0,-3.5763154585481995
2018.0,-3.562107494906632
2019.0,-3.662828031430736
2020.0,-3.7225904869675333
2021.0,-3.665564084038125
2022.0,-3.5660303158252282
2023.0,-3.5482955560577123
2024.0,-3.475674936457531
2025.0,-3.5101698628391103
2026.0,-3.5205040261411624
2027.0,-3.5198358758551573
2028.0,-3.494806611575063
2029.0,-3.5824749916984033
2030.0,-3.527553095435628
2031.0,-3.4505927481483902
2032.0,-3.5163250790906115
2033.0,-3.593974489897719
2034.0,-3.573120455467425
2035.0,-3.6102862994730516
2036.0,-3.74654898952556
2037.0,-3.699224877086395
2038.0,-3.6896091985367176
2039.0,-3.7164976390101003
2040.0,-3.5938424921735104
2041.0,-3.5852084372542268
2042.0,-3.6280948039623113
2043.0,-3.6216345312793154
2044.0,-3.6810637928113494
2045.0,-3.7244116280875255
2046.0,-3.701468224601565
2047.0,-3.7328320587247203
2048.0,-3.7582308827380158
2049.0,-3.6612317877240135
2050.0,-3.6109740067981946
2051.0,-3.5640054933980037
2052.0,-3.5328649336757723
2053.0,-3.5043055541743136
2054.0,-3.4196104791231616
2055.0,-3.420154340173437
2056.0,-3.312441462267541
2057.0,-3.3668043581420033
2058.0,-3.3809533668263385
2059.0,-3.459968646821732
2060.0,-3.479224864636839
2061.0,-3.4486977579820213
2062.0,-3.364320379940997
2063.0,-3.4020424388017285
2064.0,-3.4011545613849776
2065.0,-3.4213121117925183
2066.0,-3.4633702813636393
2067.0,-3.5314470278464216
2068.0,-3.5273410069431574
2069.0,-3.626738781454829
2070.0,-3.6197365314075083
2071.0,-3.6179080297152573
2072.0,-3.6552647324029155
2073.0,-3.713004362082313
2074.0,-3.7922925937661356
2075.0,-3.6836030557436246
2076.0,-3.76045208904655
2077.0,-3.669875203094931
2078.0,-3.634597261535968
2079.0,-3.6549926401706183
2080.0,-3.721171634266081
2081.0,-3.6603470613764175
2082.0,-3.559859818939897
2083.0,-3.6131771388969547
2084.0,-3.629807481681143
2085.0,-3.5684713924191005
2086.0,-3.548474854399753
2087.0,-3.4324003967387164
2088.0,-3.4647308882973875
2089.0,-3.4328293498861364
2090.0,-3.504464822990017
2091.0,-3.3828593235783497
2092.0,-3.4244472261486565
2093.0,-3.551338808140102
2094.0,-3.5579926496422614
2095.0,-3.565434395093946
2096.0,-3.4542292647760067
2097.0,-3.473200480614189
2098.0,-3.4733366786372857
2099.0,-3.4384806572225113
2100.0,-3.346309423553402
2101.0,-3.3493878918381594
2102.0,-3.288800986160483
2103.0,-3.258327095133871
2104.0,-3.274873196680899
2105.0,-3.269835706633367
2106.0,-3.267621198438783
2107.0,-3.319949263012484
2108.0,-3.2493097833910443
2109.0,-3.3287530941254566
2110.0,-3.260566531133204
2111.0,-3.2049056691336477
2112.0,-3.209729950162845
2113.0,-3.2533741550046638
2114.0,-3.265890606710343
2115.0,-3.238036602543713
2116.0,-3.1945825189890087
2117.0,-3.177471089391693
2118.0,-3.1196468412254266
2119.0,-3.1512969969638935
2120.0,-3.1372149669922504
2121.0,-3.2272271068178915
2122.0,-3.182587364582376
2123.0,-3.17319962476679
2124.0,-3.1966503112434475
2125.0,-3.129042119401358
2126.0,-3.0885818880570812
2127.0,-3.2506584520940733
2128.0,-3.2478000492564063
2129.0,-3.331250645131102
2130.0,-3.269097487854273
2131.0,-3.1248317911317534
2132.0,-3.1542351066134313
2133.0,-3.1493900196383136
2134.0,-3.163345020518425
2135.0,-3.142550000984536
2136.0,-3.104799686341034
2137.0,-3.0299527037964724
2138.0,-3.0864434912226586
2139.0,-2.9951774453175375
2140.0,-3.0484463582538326
2141.0,-3.031927463104123
2142.0,-2.9645186621182416
2143.0,-2.9228352906590302
2144.0,-2.976524243358797
2145.0,-3.0165409466614124
2146.0,-3.0427179167893303
2147.0,-3.045151984331638
2148.0,-2.9784119992486766
2149.0,-3.0524855690207917
2150.0,-3.0250186829004924
2151.0,-2.989284741742938
2152.0,-2.95654087015731
2153.0,-2.929113202193166
2154.0,-2.8409522945127614
2155.0,-2.8123029688588574
2156.0,-2.7623456039629564
2157.0,-2.729336972350689
2158.0,-2.625344938959931
2159.0,-2.7345813798082577
2160.0,-2.66009129427099
2161.0,-2.6747071357758223
2162.0,-2.690457055227776
2163.0,-2.745969852399328
2164.0,-2.8533895762159873
2165.0,-2.8749504613861854
2166.0,-2.914139848864362
2167.0,-2.885110490672983
2168.0,-2.969618356942336
2169.0,-2.8864564365252914
2170.0,-2.870262851422681
2171.0,-2.8840848111514528
2172.0,-2.924550315429454
2173.0,-2.9694997459773047
2174.0,-3.0342376841670173
2175.0,-3.0651476227985204
2176.0,-3.064274275000246
2177.0,-3.0739904809070313
2178.0,-3.155130437644393
2179.0,-3.169938627630538
2180.0,-3.2209646249716886
2181.0,-3.2111831568346516
2182.0,-3.102978437016084
2183.0,-3.0663622403443167
2184.0,-3.08391599385491
2185.0,-3.177201431986537
2186.0,-3.2583373940405695
2187.0,-3.3551633554012166
2188.0,-3.312675937723976
2189.0,-3.3562808921209166
2190.0,-3.3520928645173025
2191.0,-3.3874317861303203
2192.0,-3.3815874257211025
2193.0,-3.300083432397847
2194.0,-3.339064611956848
2195.0,-3.3581788210348655
2196.0,-3.404158984027836
2197.0,-3.353083393088792
2198.0,-3.411729949355921
2199.0,-3.4765594877794856
2200.0,-3.556081883299857
2201.0,-3.636792181015064
2202.0,-3.608983326677452
2203.0,-3.4600378217482395
2204.0,-3.5169143616132597
2205.0,-3.461375575547099
2206.0,-3.4462861364729247
2207.0,-3.509322251473365
2208.0,-3.5246975430698626
2209.0,-3.537542400630344
2210.0,-3.5768153039611725
2211.0,-3.464740160947769
2212.0,-3.574197740864312
2213.0,-3.5515875355879736
2214.0,-3.5318397706003903
2215.0,-3.5647001133708835
2216.0,-3.5554591294740163
2217.0,-3.5041827309088123
2218.0,-3.494765478047975
2219.0,-3.4700737136144713
2220.0,-3.4294751701707975
2221.0,-3.5462096640046856
2222.0,-3.4602491923775065
2223.0,-3.328119676639961
2224.0,-3.27092446238051
2225.0,-3.2118413003591773
2226.0,-3.292597371375727
2227.0,-3.298871923989682
2228.0,-3.3451913102251907
2229.0,-3.37852108260319
2230.0,-3.322111578424035
2231.0,-3.3679568422000608
2232.0,-3.3748924477222415
2233.0,-3.4845074252023074
2234.0,-3.493058779142316
2235.0,-3.487264475166928
2236.0,-3.527359363497583
2237.0,-3.5683189991895903
2238.0,-3.4587962724511323
2239.0,-3.528049565064714
2240.0,-3.5881038022669984
2241.0,-3.634198610730685
2242.0,-3.564363448575256
2243.0,-3.4424214646271434
2244.0,-3.422654756073352
2245.0,-3.463483983598158
2246.0,-3.4875869952591834
2247.0,-3.4255137789981456
2248.0,-3.477528671289976
2249.0,-3.3930482298095765
2250.0,-3.310681964397572
2251.0,-3.3060624985265217
2252.0,-3.2681929528861957
2253.0,-3.224347610229006
2254.0,-3.1340640030907765
2255.0,-3.1942337890194183
2256.0,-3.1254908108312214
2257.0,-3.1466202662207152
2258.0,-3.190409011533155
2259.0,-3.183935773917499
2260.0,-3.195766611759545
2261.0,-3.252233187498659
2262.0,-3.343899091118639
2263.0,-3.397719282281522
2264.0,-3.3132865143711636
2265.0,-3.19941106175055
2266.0,-3.1613295902227927
2267.0,-3.092319681089984
2268.0,-3.12163037392201
2269.0,-3.125551044565836
2270.0,-3.1086912614523126
2271.0,-3.170588073460083
2272.0,-3.2272004732314135
2273.0,-3.221038206834735
2274.0,-3.2389802842186097
2275.0,-3.299831017624806
2276.0,-3.276950425619953
2277.0,-3.2915906257393095
2278.0,-3.2320599875787916
2279.0,-3.231806555856264
2280.0,-3.2485922379094787
2281.0,-3.240665633976003
2282.0,-3.250041069299395
2283.0,-3.288055088970264
2284.0,-3.3106998985334397
2285.0,-3.266866162677639
2286.0,-3.2289809892850108
2287.0,-3.1541685557068915
2288.0,-3.2513743603757046
2289.0,-3.2735135964857496
2290.0,-3.2968894653819847
2291.0,-3.2864085285404117
2292.0,-3.311951985630062
2293.0,-3.3410143990381065
2294.0,-3.2952381308034613
2295.0,-3.2843928794092223
2296.0,-3.351171427879077
2297.0,-3.2735507430752184
2298.0,-3.215443580458306
2299.0,-3.2480314341346403
2300.0,-3.199482143670819
2301.0,-3.241379819950865
2302.0,-3.1758334357978564
2303.0,-3.1878669781944655
2304.0,-3.2336740981013112
2305.0,-3.254662451708695
2306.0,-3.298321261802678
2307.0,-3.2866641822030402
2308.0,-3.275992578745405
2309.0,-3.2733654199568467
2310.0,-3.3049420032182226
2311.0,-3.5157496371772066
2312.0,-3.5097887072093865
2313.0,-3.6186678059447748
2314.0,-3.6039509264733254
2315.0,-3.538048377092689
2316.0,-3.5216307068979704
2317.0,-3.543512770527055
2318.0,-3.55329219914028
2319.0,-3.5603670918786916
2320.0,-3.5914688807861035
2321.0,-3.624559974502139
2322.0,-3.6772814671254217
2323.0,-3.60805420864064
2324.0,-3.608335333399295
2325.0,-3.5525080866776015
2326.0,-3.5663374427959407
2327.0,-3.5615611239405305
2328.0,-3.5707892753329737
2329.0,-3.543456950275361
2330.0,-3.495125318463217
2331.0,-3.4806884284779906
2332.0,-3.5189961538725614
2333.0,-3.5634251908145878
2334.0,-3.4670237211704054
2335.0,-3.4825989710186827
2336.0,-3.4988103658202077
2337.0,-3.4136299564598436
2338.0,-3.3502386588865813
2339.0,-3.3188447442103994
2340.0,-3.3413365141733107
2341.0,-3.204903342831535
2342.0,-3.181667070632306
2343.0,-3.1495429018492795
2344.0,-3.1588832635627186
2345.0,-3.2399982895996704
2346.0,-3.3165068934225945
2347.0,-3.292442996492729
2348.0,-3.2692578277592883
2349.0,-3.2825552152233
2350.0,-3.3496412149477752
2351.0,-3.4323027056320226
2352.0,-3.450644375684514
2353.0,-3.5341240284097664
2354.0,-3.481620922731186
2355.0,-3.4144765620557997
2356.0,-3.2505584492288135
2357.0,-3.1992930421810075
2358.0,-3.232974269237624
2359.0,-3.2827471515793585
2360.0,-3.4814715373037597
2361.0,-3.515222274798731
2362.0,-3.5248388933083747
2363.0,-3.4683598981261796
2364.0,-3.4324561854936415
2365.0,-3.3979009742779818
2366.0,-3.3849862634023147
2367.0,-3.3462498974890273
2368.0,-3.2621005874079305
2369.0,-3.3230235846433525
2370.0,-3.3488577204779277
2371.0,-3.4284520968803034
2372.0,-3.3344125617495743
2373.0,-3.2589677267277577
2374.0,-3.214977417294364
2375.0,-3.2836261734768906
2376.0,-3.2730798219046333
2377.0,-3.2860671560057226
2378.0,-3.2808388081750075
2379.0,-3.2911389113015805
2380.0,-3.2605567578791677
2381.0,-3.2827954136734268
2382.0,-3.232895525842403
2383.0,-3.2184058815814516
2384.0,-3.234776413845902
2385.0,-3.2406812438123325
2386.0,-3.265564533150789
2387.0,-3.218016624958948
2388.0,-3.2331394724265867
2389.0,-3.215561220083489
2390.0,-3.2376669674660663
2391.0,-3.3228558428587784
2392.0,-3.269973795112847
2393.0,-3.3305057131789497
2394.0,-3.2907249430300993
2395.0,-3.2659048188898727
2396.0,-3.3609576051951056
2397.0,-3.414924221301473
2398.0,-3.444022009806478
2399.0,-3.490817387622673
2400.0,-3.5584674726540615
2401.0,-3.5151296622636985
2402.0,-3.528356555846733
2403.0,-3.505485481293633
2404.0,-3.5297415900482205
2405.0,-3.5115099811398025
2406.0,-3.554277360159147
2407.0,-3.5552006568256855
2408.0,-3.520999966378775
2409.0,-3.5177957253671717
2410.0,-3.5435855841010726
2411.0,-3.6057184814665164
2412.0,-3.595423743328778
2413.0,-3.5748936207552684
2414.0,-3.5891988358941878
2415.0,-3.6330019455933855
2416.0,-3.6010547905135595
2417.0,-3.4571563693834877
2418.0,-3.4740279739623663
2419.0,-3.4539923826983316
2420.0,-3.431613083664899
2421.0,-3.579201322676062
2422.0,-3.5714382157205438
2423.0,-3.6116185081116203
2424.0,-3.53105605683868
2425.0,-3.545116255006422
2426.0,-3.5894012218764253
2427.0,-3.60140263201029
2428.0,-3.591170518123947
2429.0,-3.6228827239117916
2430.0,-3.6253038318793007
2431.0,-3.7028664932705655
2432.0,-3.715238453808249
2433.0,-3.6698197909960024
2434.0,-3.5555021731334504
2435.0,-3.5141036587953733
2436.0,-3.497802768257667
2437.0,-3.428860019617077
2438.0,-3.3694355453952873
2439.0,-3.272797493311743
2440.0,-3.209730801062857
2441.0,-3.215986912794933
2442.0,-3.2005156180485046
2443.0,-3.1896245683139983
2444.0,-3.171635245378851
2445.0,-3.159527469532375
2446.0,-3.204160854839567
2447.0,-3.325066536441237
2448.0,-3.363277455721373
2449.0,-3.479675615334357
2450.0,-3.4751570985462763
2451.0,-3.4743010666594962
2452.0,-3.5704464286826116
2453.0,-3.5301046066812605
2454.0,-3.4794530144380706
2455.0,-3.473324150977096
2456.0,-3.3764475821197757
2457.0,-3.2678096738495968
2458.0,-3.336879095040234
2459.0,-3.276454412687969
2460.0,-3.250441895962286
2461.0,-3.225734487000384
2462.0,-3.1712326530660158
2463.0,-3.2122116615750205
2464.0,-3.2458631305078653
2465.0,-3.293036144550228
2466.0,-3.336057465953359
2467.0,-3.3411747010783417
2468.0,-3.4244245911546987
2469.0,-3.484214239403748
2470.0,-3.450274956257455
2471.0,-3.453782121061034
2472.0,-3.4310817468361114
2473.0,-3.539571663552544
2474.0,-3.5842223170708323
2475.0,-3.615676889363067
2476.0,-3.6131803438731143
2477.0,-3.646411756038566
2478.0,-3.5919091828459013
2479.0,-3.5946596723003967
2480.0,-3.5930628053632994
2481.0,-3.591666897669364
2482.0,-3.5501772964248843
2483.0,-3.576799381864961
2484.0,-3.5113864461641513
2485.0,-3.484224633079825
2486.0,-3.4747356327938568
2487.0,-3.471731924222202
2488.0,-3.441098622814005
2489.0,-3.3818866643840266
2490.0,-3.326718428211521
2491.0,-3.3044493860130695
2492.0,-3.2532670664099075
2493.0,-3.2458774649679762
2494.0,-3.1730099845416078
2495.0,-3.174003644543699
2496.0,-3.293269229143486
2497.0,-3.2154635158331013
2498.0,-3.2086870049704035
2499.0,-3.275750683661003
2500.0,-3.2866351024647376
2501.0,-3.337101364693874
2502.0,-3.215275198445848
2503.0,-3.1859916514029556
2504.0,-3.276016546506097
2505.0,-3.243923643997263
2506.0,-3.2663903150004114
2507.0,-3.1551663455120784
2508.0,-3.215404395250361
2509.0,-3.3445869888274373
2510.0,-3.3402122292299383
2511.0,-3.3597345448141147
2512.0,-3.3832117430276676
2513.0,-3.506257839498804
2514.0,-3.4810165496465424
2515.0,-3.3838107973469693
2516.0,-3.4934512908686512
2517.0,-3.425233408721937
2518.0,-3.457482703466648
2519.0,-3.321271719127194
2520.0,-3.2955309753849833
2521.0,-3.305812761253236
2522.0,-3.241428343470685
2523.0,-3.210503912288531
2524.0,-3.2441604965267237
2525.0,-3.2026014706724824
2526.0,-3.2315389840361832
2527.0,-3.3342449112603565
2528.0,-3.216380848675025
2529.0,-3.2360141561844458
2530.0,-3.270622357114913
2531.0,-3.250507074148223
2532.0,-3.3399967448997754
2533.0,-3.4175746286197155
2534.0,-3.4458374653771733
2535.0,-3.475254507047624
2536.0,-3.4705098379175614
2537.0,-3.4051056092472707
2538.0,-3.431891422121913
2539.0,-3.4028529624686654
2540.0,-3.3675409835882335
2541.0,-3.429554379909651
2542.0,-3.4157781555819016
2543.0,-3.4696191103122356
2544.0,-3.4076017110533408
2545.0,-3.3807445107715215
2546.0,-3.379213662952239
2547.0,-3.4559835379109067
2548.0,-3.4486960061201777
2549.0,-3.4923907607380684
2550.0,-3.451034918973994
2551.0,-3.457334238406535
2552.0,-3.5036438972678874
2553.0,-3.4496101029569757
2554.0,-3.4073625005967547
2555.0,-3.4410339903960763
2556.0,-3.373355992591197
2557.0,-3.390007098026548
2558.0,-3.4072764089133867
2559.0,-3.3995462337529063
2560.0,-3.4424183669466335
2561.0,-3.467327932278676
2562.0,-3.4760004228568535
2563.0,-3.387055224528707
2564.0,-3.299893845076462
2565.0,-3.314275563218664
2566.0,-3.2207302783183773
2567.0,-3.2226788141756137
2568.0,-3.20015501955573
2569.0,-3.1485945213324174
2570.0,-3.131194838958861
2571.0,-2.9912189108224125
2572.0,-2.976657916964589
2573.0,-3.045291865828968
2574.0,-2.9693998316424146
2575.0,-2.9926826709338794
2576.0,-3.009739127831815
2577.0,-3.181948888166565
2578.0,-3.123612944674626
2579.0,-3.075825738823522
2580.0,-3.0291684755252457
2581.0,-2.972162308924282
2582.0,-2.8740242367970654
2583.0,-2.876188802892063
2584.0,-2.821563767171916
2585.0,-2.8640269956420537
2586.0,-2.883964073765639
2587.0,-2.8224589465659813
2588.0,-2.7993948656382557
2589.0,-2.8759010346415925
2590.0,-2.8545480004258534
2591.0,-2.864620375206244
2592.0,-2.9113963513780865
2593.0,-2.8858250356897295
2594.0,-2.9086858136248708
2595.0,-2.998860800320901
2596.0,-3.06250068591084
2597.0,-2.9598340295142544
2598.0,-3.046792469066958
2599.0,-3.03340808991953
2600.0,-2.997667894640177
2601.0,-2.960251807453185
2602.0,-3.03049835302829
2603.0,-3.0485442647042444
2604.0,-3.039891286866471
2605.0,-2.9931714746402243
2606.0,-3.029896583921098
2607.0,-3.0965518154582026
2608.0,-3.0381387798542
2609.0,-2.97381329493561
2610.0,-2.9519387338123093
2611.0,-2.9865824042956204
2612.0,-2.9625874139867263
2613.0,-2.9557698646639445
2614.0,-2.9069040231176473
2615.0,-2.9785246207034834
2616.0,-2.9713030842940396
2617.0,-2.979978656893992
2618.0,-3.043536809843879
2619.0,-3.030566020077901
2620.0,-3.028031923127666
2621.0,-3.0512063103008344
2622.0,-3.0278199362830738
2623.0,-3.1092165746130824
2624.0,-3.1117820238927285
2625.0,-3.0863423157281757
2626.0,-3.069416886603387
2627.0,-3.0067445428179713
2628.0,-3.0755767674572434
2629.0,-3.1621084744343295
2630.0,-3.147765288258479
2631.0,-3.120948893336666
2632.0,-2.998027242688266
2633.0,-2.9619145529481203
2634.0,-3.0118656035296794
2635.0,-2.964814537411743
2636.0,-3.0131301430724164
2637.0,-3.0983997875266294
2638.0,-2.947233566179762
2639.0,-2.92791816114255
2640.0,-2.8861399014028226
2641.0,-2.853109889164487
2642.0,-2.7480018115155973
2643.0,-2.731129107417106
2644.0,-2.6603583566078846
2645.0,-2.7192137944097823
2646.0,-2.7991253616393497
2647.0,-2.7162845072921784
2648.0,-2.630669057512692
2649.0,-2.600732541658795
2650.0,-2.587235956859932
2651.0,-2.5771994249903707
2652.0,-2.6164898377575616
2653.0,-2.5272092141471534
2654.0,-2.488736653216414
2655.0,-2.4591027067952633
2656.0,-2.4369666886978445
2657.0,-2.3760487825338203
2658.0,-2.3464860714476496
2659.0,-2.3030515427124034
2660.0,-2.3701460615648373
2661.0,-2.3402940853117338
2662.0,-2.213615843420714
2663.0,-2.243174336610344
2664.0,-2.2502287749096284
2665.0,-2.198347674931201
2666.0,-2.1427019147112025
2667.0,-2.1062842769298347
2668.0,-2.1993163749204694
2669.0,-2.169972962207542
2670.0,-2.23794145702906
2671.0,-2.285173039225316
2672.0,-2.25314045901211
2673.0,-2.2698346690244784
2674.0,-2.222703010528044
2675.0,-2.040565140562944
2676.0,-1.9953457682294906
2677.0,-1.9532707204866053
2678.0,-2.0046516335113496
2679.0,-2.04143047182427
2680.0,-2.1024920103336604
2681.0,-2.1328819968833463
2682.0,-2.1955496872479756
2683.0,-2.2332615503097704
2684.0,-2.2449303059242864
2685.0,-2.3023146650340682
2686.0,-2.383852663662742
2687.0,-2.462049246223924
2688.0,-2.435421179176439
2689.0,-2.4315553445906755
2690.0,-2.371906946043705
2691.0,-2.3112007112468937
2692.0,-2.330472378693958
2693.0,-2.291388970264716
2694.0,-2.3741657199914856
2695.0,-2.2419494000537203
2696.0,-2.1725494101937817
2697.0,-2.1845929434180804
2698.0,-2.2513768094246225
2699.0,-2.229049792383585
2700.0,-2.3366374527797706
2701.0,-2.381231021282507
2702.0,-2.3375943809820425
2703.0,-2.33283868870738
2704.0,-2.3607857214832486
2705.0,-2.3054911392037423
2706.0,-2.365062548026031
2707.0,-2.348221012042963
2708.0,-2.376564985880865
2709.0,-2.4250816372594923
2710.0,-2.3979128712747926
2711.0,-2.4548268376763884
2712.0,-2.344594759518577
2713.0,-2.377952563302478
2714.0,-2.2626637110410863
2715.0,-2.325437312162526
2716.0,-2.2900551268998326
2717.0,-2.3589211469799105
2718.0,-2.4359473025400904
2719.0,-2.4263102533217187
2720.0,-2.386776566662525
2721.0,-2.459938122019567
2722.0,-2.391150800738205
2723.0,-2.4367914029472733
2724.0,-2.428798656157119
2725.0,-2.4064568786834784
2726.0,-2.371711500631452
2727.0,-2.4751027613761822
2728.0,-2.381231853995563
2729.0,-2.3483896115303518
2730.0,-2.372559774796168
2731.0,-2.4312837079299396
2732.0,-2.5286753136411106
2733.0,-2.606844809671354
2734.0,-2.5749370978201256
2735.0,-2.5941887540723974
2736.0,-2.659073347516243
2737.0,-2.6890413486930265
2738.0,-2.598277542401294
2739.0,-2.6169248572701234
2740.0,-2.6502205950471827
2741.0,-2.571790227594828
2742.0,-2.5446832172495966
2743.0,-2.541691615631734
2744.0,-2.576347384304978
2745.0,-2.6655354024119724
2746.0,-2.7326609983853216
2747.0,-2.7599332779257018
2748.0,-2.772141527088886
2749.0,-2.7510999355099703
2750.0,-2.7187734477371612
2751.0,-2.705438255746536
2752.0,-2.692250434841521
2753.0,-2.7499596247354936
2754.0,-2.87389431794798
2755.0,-2.903475768048217
2756.0,-2.9580672121107434
2757.0,-2.9952409266439806
2758.0,-3.0105802323193993
2759.0,-3.0818652223595357
2760.0,-3.145453686428722
2761.0,-3.1507077385454574
2762.0,-3.143485069755569
2763.0,-3.180821728250857
2764.0,-3.1515094234651295
2765.0,-3.163640855583542
2766.0,-3.221984699514893
2767.0,-3.2190822730321504
2768.0,-3.109850729964357
2769.0,-3.148285942797949
2770.0,-3.080420592525237
2771.0,-3.0003480262344606
2772.0,-2.913338677269452
2773.0,-2.960335054611365
2774.0,-2.8434712785748615
2775.0,-2.8362677109979573
2776.0,-2.850435323430786
2777.0,-2.863247147438458
2778.0,-2.828025773512455
2779.0,-2.824590436177647
2780.0,-2.8343206702549812
2781.0,-2.7597280655841843
2782.0,-2.8009849763785275
2783.0,-2.8607320543241683
2784.0,-2.8144530306393767
2785.0,-2.7733496494952408
2786.0,-2.7097146867670796
2787.0,-2.7711549077163404
2788.0,-2.708246977671386
2789.0,-2.6799544533967343
2790.0,-2.577733940039913
2791.0,-2.6493631645140994
2792.0,-2.6363101089577214
2793.0,-2.6518847598231785
2794.0,-2.743216563872665
2795.0,-2.7840216496410495
2796.0,-2.7184746057551377
2797.0,-2.7450853044549692
2798.0,-2.7863351850400733
2799.0,-2.735729787630069
2800.0,-2.678169257596876
2801.0,-2.6207393915735193
2802.0,-2.665884310267255
2803.0,-2.668777679513921
2804.0,-2.60881628401223
2805.0,-2.6462464209589336
2806.0,-2.689056665975382
2807.0,-2.6407789412081915
2808.0,-2.5501252217200054
2809.0,-2.6162043109305144
2810.0,-2.765727719087265
2811.0,-2.848988941013845
2812.0,-2.9069558385919607
2813.0,-2.9144076245000936
2814.0,-2.8783532979614934
2815.0,-2.8863194559471634
2816.0,-2.9262601228408274
2817.0,-2.9169050375880428
2818.0,-2.9719400462214196
2819.0,-2.9741409015346356
2820.0,-3.010673405808239
2821.0,-2.85540900590231
2822.0,-2.8077636205474987
2823.0,-2.8554931770610987
2824.0,-2.9125630167051617
2825.0,-2.937363307029765
2826.0,-3.03182803576612
2827.0,-3.07348482264411
2828.0,-3.1155809328368096
2829.0,-3.064014810207324
2830.0,-3.0881207576836345
2831.0,-3.1332349851473618
2832.0,-3.210091149055942
2833.0,-3.277475600450519
2834.0,-3.2807463416169793
2835.0,-3.2926059398357466
2836.0,-3.22655697768364
2837.0,-3.2623282284591637
2838.0,-3.200618457637891
2839.0,-3.1852260756462525
2840.0,-3.1849491612647527
2841.0,-3.3003541533091734
2842.0,-3.3742714587936242
2843.0,-3.3308881681825335
2844.0,-3.249615542061321
2845.0,-3.2371406506109683
2846.0,-3.1925626841784487
2847.0,-3.215556722820991
2848.0,-3.236446937285914
2849.0,-3.274169789433424
2850.0,-3.2173357677276813
2851.0,-3.196994305994533
2852.0,-3.2099675099421594
2853.0,-3.2283784026723783
2854.0,-3.195696604298844
2855.0,-3.1764951736613365
2856.0,-3.2239900756797795
2857.0,-3.1243664017338992
2858.0,-3.1089926789468785
2859.0,-3.107856144764327
2860.0,-3.0220336881012186
2861.0,-2.9623953831358514
2862.0,-2.966967691986903
2863.0,-2.935515331329626
2864.0,-2.996788694210428
2865.0,-3.0332754375563136
2866.0,-3.1632571565257375
2867.0,-3.092258433519893
2868.0,-3.201334608205674
2869.0,-3.1614538543631046
2870.0,-3.20887251524734
2871.0,-3.2648448607198115
2872.0,-3.2755468057835544
2873.0,-3.2596054940003127
2874.0,-3.2237082379076636
2875.0,-3.120871899949022
2876.0,-3.0996337539472045
2877.0,-3.048227993154896
2878.0,-3.0822606379487816
2879.0,-3.0405269661312913
2880.0,-3.031158172839907
2881.0,-3.057381909330502
2882.0,-3.0624005784284387
2883.0,-3.06545977414313
2884.0,-3.053901418655924
2885.0,-3.0302049838893375
2886.0,-3.0590677301100784
2887.0,-3.101313317376856
2888.0,-3.057627815370177
2889.0,-3.155055492281411
2890.0,-3.190208272054955
2891.0,-3.1000224456712115
2892.0,-3.255792588050128
2893.0,-3.295249345009066
2894.0,-3.254980481733411
2895.0,-3.3497053395621985
2896.0,-3.1991288584648045
2897.0,-3.3480234760672984
2898.0,-3.264511289242983
2899.0,-3.1740400328171203
2900.0,-3.1205917607956315
2901.0,-3.1328515039381957
2902.0,-3.11169420900207
2903.0,-3.162964970888608
2904.0,-3.1156978398246924
2905.0,-3.179820601521763
2906.0,-3.195089088676603
2907.0,-3.137024367578425
2908.0,-3.200822360673726
2909.0,-3.22130619328489
2910.0,-3.2112716348866135
2911.0,-3.2881908120728403
2912.0,-3.2204035755386378
2913.0,-3.2001784042833767
2914.0,-3.2871339200496235
2915.0,-3.2892837064645795
2916.0,-3.3334853575463597
2917.0,-3.3708795816812978
2918.0,-3.365872422977822
2919.0,-3.4062710076564695
2920.0,-3.350002556896232
2921.0,-3.390113309051951
2922.0,-3.3328546803852084
2923.0,-3.334811338809312
2924.0,-3.2848333810755386
2925.0,-3.315525767051554
2926.0,-3.344131516999947
2927.0,-3.410097408541473
2928.0,-3.376144785042488
2929.0,-3.3214239548861295
2930.0,-3.198504705459028
2931.0,-3.1234492383972423
2932.0,-3.108494149797582
2933.0,-3.120143100931788
2934.0,-3.0971678644130822
2935.0,-3.0982398006654877
2936.0,-3.0132162611095876
2937.0,-2.9582024817775463
2938.0,-3.006007165046263
2939.0,-3.0451936163481244
2940.0,-2.965732943305526
2941.0,-2.9474388977350423
2942.0,-2.9603156168913634
2943.0,-2.891316362101627
2944.0,-2.9131998106789165
2945.0,-2.92885460783532
2946.0,-2.9549796333182585
2947.0,-3.067731656014053
2948.0,-3.0173092867111952
2949.0,-3.086599962098179
2950.0,-3.118905757074159
2951.0,-3.1613200026629986
2952.0,-3.1188067118354432
2953.0,-3.122233140000547
2954.0,-3.1208092786056962
2955.0,-3.2172393919988296
2956.0,-3.2217375433308835
2957.0,-3.306422876574787
2958.0,-3.2881215736802614
2959.0,-3.2663866645446786
2960.0,-3.2668326773104917
2961.0,-3.1483132139883434
2962.0,-3.117306525746509
2963.0,-3.0823736567863005
2964.0,-3.0736303350406513
2965.0,-3.084233750616761
2966.0,-3.0279391438825036
2967.0,-2.9638292592869395
2968.0,-3.0384450825491682
2969.0,-2.9770446350470814
2970.0,-2.946870074126645
2971.0,-2.890900223724628
2972.0,-2.863491142201378
2973.0,-2.934839537023393
2974.0,-3.002056150819889
2975.0,-2.896200126881502
2976.0,-2.881131284874877
2977.0,-2.9624640020408073
2978.0,-2.9418581198148974
2979.0,-2.9622623868137072
2980.0,-3.0681855038151418
2981.0,-3.1998850332615185
2982.0,-3.291867975945742
2983.0,-3.275613238450218
2984.0,-3.2778286804857766
2985.0,-3.291653505533671
2986.0,-3.2746548535970477
2987.0,-3.2393887273002955
2988.0,-3.360223235200154
2989.0,-3.377035732855104
2990.0,-3.4242580592114673
2991.0,-3.494871182909912
2992.0,-3.5258663696544623
2993.0,-3.5323576007228206
2994.0,-3.547131795346401
2995.0,-3.630510623438709
2996.0,-3.65778459056818
2997.0,-3.540775078344398
2998.0,-3.6010544890095155
2999.0,-3.6978432003436383
3000.0,-3.681319926438604
3001.0,-3.6462442138965425
3002.0,-3.618829242203857
3003.0,-3.6828574782576413
3004.0,-3.624602808399785
3005.0,-3.669324310357167
3006.0,-3.7342191141825394
3007.0,-3.768711166940581
3008.0,-3.7743426833339466
3009.0,-3.732469322442667
3010.0,-3.695814260921009
3011.0,-3.696481409329053
3012.0,-3.6419881202891875
3013.0,-3.636660672243436
3014.0,-3.5843092829032646
3015.0,-3.664748901179227
3016.0,-3.755007342439801
3017.0,-3.7095791341319333
3018.0,-3.7892013806819596
3019.0,-3.80596178648066
3020.0,-3.8109750727419702
3021.0,-3.838495391808541
3022.0,-3.8640213779777297
3023.0,-3.782957442092877
3024.0,-3.928357307405699
3025.0,-3.8766552354355164
3026.0,-3.7434806337071627
3027.0,-3.7414789816682124
3028.0,-3.7419348374047035
3029.0,-3.699358067440486
3030.0,-3.5931366478378415
3031.0,-3.66111439236016
3032.0,-3.6554257311094105
3033.0,-3.6655520045191206
3034.0,-3.632629437557749
3035.0,-3.6228177440110603
3036.0,-3.584113285709695
3037.0,-3.6078435090755865
3038.0,-3.604397560439048
3039.0,-3.6424835770809034
3040.0,-3.6802136771558898
3041.0,-3.687756303178174
3042.0,-3.6953247788714045
3043.0,-3.7623863953626078
3044.0,-3.6710958035827392
3045.0,-3.6782672654981297
3046.0,-3.757526418568099
3047.0,-3.6932868911011982
3048.0,-3.735857604355266
3049.0,-3.705873274267792
3050.0,-3.70622218253885
3051.0,-3.691119220941837
3052.0,-3.680614268993535
3053.0,-3.7131923471177806
3054.0,-3.7101934935031817
3055.0,-3.5921785631236363
3056.0,-3.720752667070067
3057.0,-3.7163085205825372
3058.0,-3.690559502179057
3059.0,-3.750681477284946
3060.0,-3.8291573306827553
3061.0,-3.703857618020434
3062.0,-3.7246731733856575
3063.0,-3.6040055503467765
3064.0,-3.5724570894879903
3065.0,-3.567450325222231
3066.0,-3.539360252771967
3067.0,-3.5020930965243173
3068.0,-3.43338694199302
3069.0,-3.40763812017952
3070.0,-3.3987064415655444
3071.0,-3.387947423871382
3072.0,-3.3093154580648223
3073.0,-3.2615820040073027
3074.0,-3.318876135412872
3075.0,-3.355006776005786
3076.0,-3.3353374016130757
3077.0,-3.370731561702347
3078.0,-3.391891779413699
3079.0,-3.4465019340934
3080.0,-3.461018667210208
3081.0,-3.43596880775669
3082.0,-3.3779257014002115
3083.0,-3.3768152519318204
3084.0,-3.2564464190450675
3085.0,-3.260301416069214
3086.0,-3.0753716531593365
3087.0,-3.017015467968991
3088.0,-2.9878213868841317
3089.0,-3.016122300753551
3090.0,-3.178678893630675
3091.0,-3.1870919848811576
3092.0,-3.1762576719493194
3093.0,-3.064721761768425
3094.0,-3.143857685113306
3095.0,-3.0332838011801715
3096.0,-3.0472708243040896
3097.0,-3.004946410272923
3098.0,-3.151070776693909
3099.0,-3.1425051372605215
3100.0,-3.161813264440444
3101.0,-3.1218726308922005
3102.0,-3.1160720116370237
3103.0,-3.1814865138077666
3104.0,-3.1262682404959308
3105.0,-3.0856293552360734
3106.0,-3.0506473988176164
3107.0,-2.991876095297024
3108.0,-2.927800210230537
3109.0,-2.928558961920604
3110.0,-3.0064426773377737
3111.0,-3.085889520846045
3112.0,-3.0074340239887385
3113.0,-2.965902161924643
3114.0,-2.9595044351711692
3115.0,-2.984092898033607
3116.0,-2.981760778564585
3117.0,-2.9798195133155696
3118.0,-2.998752847307412
3119.0,-3.0385983943970336
3120.0,-2.9131220146625805
3121.0,-2.8994280642966728
3122.0,-2.933908514617902
3123.0,-3.0085814883205413
3124.0,-3.0499650756616
3125.0,-3.007890216642072
3126.0,-2.963590674206811
3127.0,-2.975690657565619
3128.0,-2.972196406163996
3129.0,-2.989300483029981
3130.0,-3.0527503817367907
3131.0,-2.9770755841984315
3132.0,-2.95505250465873
3133.0,-2.811574862727889
3134.0,-2.854751699259309
3135.0,-2.8622041349775733
3136.0,-2.8107364945490403
3137.0,-2.8244065132092184
3138.0,-2.9040422538986923
3139.0,-2.9583287831924947
3140.0,-2.952006210581876
3141.0,-2.931677204671747
3142.0,-2.9366380373248653
3143.0,-2.8781997402005732
3144.0,-2.8203903291513153
3145.0,-2.8012724841081247
3146.0,-2.7992409651910757
3147.0,-2.8133631436947213
3148.0,-2.7810687118053505
3149.0,-2.727498624976604
3150.0,-2.72353330292683
3151.0,-2.697087019295114
3152.0,-2.7153501474298887
3153.0,-2.796381775892995
3154.0,-2.853693824253247
3155.0,-2.808994427168945
3156.0,-2.782706461846707
3157.0,-2.690419692750487
3158.0,-2.6867208861352285
3159.0,-2.636333821150907
3160.0,-2.559498687427226
3161.0,-2.501646500738667
3162.0,-2.536353286016978
3163.0,-2.546575576402707
3164.0,-2.538647773500596
3165.0,-2.5951329139526274
3166.0,-2.5673061819740175
3167.0,-2.507747263933233
3168.0,-2.5350807028110744
3169.0,-2.420761826932806
3170.0,-2.4371329211726627
3171.0,-2.4484340457313296
3172.0,-2.4617724895646784
3173.0,-2.502243954456498
3174.0,-2.477691111156452
3175.0,-2.476111322816184
3176.0,-2.379768650448221
3177.0,-2.344298742852049
3178.0,-2.3128544372690767
3179.0,-2.325249518168033
3180.0,-2.406502750300997
3181.0,-2.4112588084254485
3182.0,-2.459938200433893
3183.0,-2.4045629452446184
3184.0,-2.4059094747852328
3185.0,-2.3093264447445403
3186.0,-2.2664784747022213
3187.0,-2.2178512997788618
3188.0,-2.204155132579132
3189.0,-2.1917306006898607
3190.0,-2.1536391692078416
3191.0,-2.1000006675435885
3192.0,-2.140666438283375
3193.0,-2.1118786253022424
3194.0,-1.9601890307379446
3195.0,-1.9650321669949056
3196.0,-1.9794500251163027
3197.0,-2.0190913825836634
3198.0,-2.102379087090857
3199.0,-2.033379268112893
3200.0,-2.029511795360952
3201.0,-2.011865816282001
3202.0,-1.9050103053690444
3203.0,-1.7598165105118158
3204.0,-1.8108158695089742
3205.0,-1.7496213229204536
3206.0,-1.7133044693457518
3207.0,-1.6899410816506668
3208.0,-1.661940579489941
3209.0,-1.6628999374570688
3210.0,-1.5707428682827793
3211.0,-1.5348721186321803
3212.0,-1.514573938534725
3213.0,-1.442179462203946
3214.0,-1.3900245507561382
3215.0,-1.3630675266400292
3216.0,-1.3438076210279688
3217.0,-1.2420534971831128
3218.0,-1.2122633484555145
3219.0,-1.2170803848996734
3220.0,-1.2661981458635259
3221.0,-1.285681095121031
3222.0,-1.3459041388385422
3223.0,-1.3392967544071392
3224.0,-1.324066099399485
3225.0,-1.4420761169308285
3226.0,-1.4406104239202773
3227.0,-1.4027261210030275
3228.0,-1.392712472225934
3229.0,-1.447435095260009
3230.0,-1.3737818629275773
3231.0,-1.4135999504741454
3232.0,-1.4841268853390557
3233.0,-1.5461215266419601
3234.0,-1.5465493598391684
3235.0,-1.4893937341184398
3236.0,-1.4217058836643282
3237.0,-1.4092192481403598
3238.0,-1.4777640204199145
3239.0,-1.515309544320981
3240.0,-1.5667678945694494
3241.0,-1.5766920671998303
3242.0,-1.6787505344489995
3243.0,-1.6719539013286595
3244.0,-1.634339800723001
3245.0,-1.6425859292241327
3246.0,-1.615666592048555
3247.0,-1.6695139102602525
3248.0,-1.7531555502999985
3249.0,-1.7895762425908026
3250.0,-1.7224097437292003
3251.0,-1.6625959679826037
3252.0,-1.688636694671156
3253.0,-1.6187988234711195
3254.0,-1.6372331416745902
3255.0,-1.549619140961139
3256.0,-1.5214474862709404
3257.0,-1.5472407121187048
3258.0,-1.5010224437817512
3259.0,-1.5454575092191356
3260.0,-1.59918997273742
3261.0,-1.6826644322805013
3262.0,-1.6674473637240126
3263.0,-1.6702314308055506
3264.0,-1.6743980191608672
3265.0,-1.6977745828128576
3266.0,-1.6144680154691589
3267.0,-1.6386489023615718
3268.0,-1.6801349907190286
3269.0,-1.6079034218268218
3270.0,-1.5255706732370118
3271.0,-1.5057458360803857
3272.0,-1.6059489610874134
3273.0,-1.640298733349223
3274.0,-1.6046323230853186
3275.0,-1.6033347229969008
3276.0,-1.5133360166941756
3277.0,-1.5919961393246973
3278.0,-1.5525576229657447
3279.0,-1.5884939751334637
3280.0,-1.5118365694881994
3281.0,-1.5159149811903585
3282.0,-1.4561514527775792
3283.0,-1.4932876139258462
3284.0,-1.574409768773999
3285.0,-1.6382486002646721
3286.0,-1.672996305844298
3287.0,-1.7318779284175398
3288.0,-1.6622731738270093
3289.0,-1.5846869553341203
3290.0,-1.568651686617307
3291.0,-1.6280927862500485
3292.0,-1.6346485811910485
3293.0,-1.673973925533451
3294.0,-1.5897367096798638
3295.0,-1.5712239161451658
3296.0,-1.5426976631202436
3297.0,-1.565509634468658
3298.0,-1.6813656972262636
3299.0,-1.7255997082904821
3300.0,-1.7897734834334007
3301.0,-1.7680908272867721
3302.0,-1.7622147936968466
3303.0,-1.8081954937476967
3304.0,-1.830322704322138
3305.0,-1.7395692093473
3306.0,-1.7946595046774734
3307.0,-1.8473507949038448
3308.0,-1.8602183142330007
3309.0,-1.9002649750929066
3310.0,-1.924693840195049
3311.0,-1.8936815834708212
3312.0,-1.7933478262900298
3313.0,-1.8957803587473032
3314.0,-1.8965095884807892
3315.0,-1.8937929012122212
3316.0,-1.8983149551256986
3317.0,-1.9087932694788694
3318.0,-1.9281182338279435
3319.0,-1.8698114976005837
3320.0,-1.8963465624323659
3321.0,-1.9033729460540576
3322.0,-1.903054102149551
3323.0,-1.8965224900033244
3324.0,-1.9060630795182674
3325.0,-1.848045723330132
3326.0,-1.8482308464097545
3327.0,-1.837865457363641
3328.0,-1.840521899511492
3329.0,-1.8981168802789186
3330.0,-1.9457105531783594
3331.0,-2.006000097886524
3332.0,-1.9945345750791155
3333.0,-2.0353871437576823
3334.0,-2.096318426217523
3335.0,-2.082212982830227
3336.0,-2.0515442808383515
3337.0,-2.152853908110306
3338.0,-2.0549325436350614
3339.0,-2.0527174739850813
3340.0,-2.0584383748677957
3341.0,-1.996496163596884
3342.0,-1.9921242165088304
3343.0,-2.026647450213326
3344.0,-1.8995971585298894
3345.0,-1.961302667712481
3346.0,-1.966603501253062
3347.0,-1.9173544727535394
3348.0,-1.9787826866610114
3349.0,-1.98433497581506
3350.0,-1.9616773924251942
3351.0,-1.8226828447294838
3352.0,-1.8739169025967035
3353.0,-1.8763482774758542
3354.0,-1.8379970173660305
3355.0,-1.8330036321044105
3356.0,-1.9021366767207248
3357.0,-1.8782481446717738
3358.0,-1.8717176346781115
3359.0,-1.8456691104501644
3360.0,-1.780028342264494
3361.0,-1.7212271033718805
3362.0,-1.6973906654019628
3363.0,-1.679168772793276
3364.0,-1.7423019910663444
3365.0,-1.749758791824418
3366.0,-1.7367393744016726
3367.0,-1.759595082445709
3368.0,-1.7536588144595324
3369.0,-1.8010088713516181
3370.0,-1.71211658941986
3371.0,-1.587573529825769
3372.0,-1.6097925715996233
3373.0,-1.586402647118789
3374.0,-1.5996506233817747
3375.0,-1.5264658254899157
3376.0,-1.501090299037864
3377.0,-1.4963688159281392
3378.0,-1.5090261816892563
3379.0,-1.5014862281917698
3380.0,-1.558985949909867
3381.0,-1.51971753436377
3382.0,-1.5606802339996761
3383.0,-1.5295319956810989
3384.0,-1.52178601405295
3385.0,-1.458309274033112
3386.0,-1.4590410384219747
3387.0,-1.3997245654157513
3388.0,-1.4527373240579091
3389.0,-1.4173026525570684
3390.0,-1.429998565005553
3391.0,-1.4185409122735595
3392.0,-1.4141559331417053
3393.0,-1.359857371635841
3394.0,-1.476227268442375
3395.0,-1.4573217550938204
3396.0,-1.5433575262054602
3397.0,-1.4734180666938492
3398.0,-1.5870625481157707
3399.0,-1.6447445874025381
3400.0,-1.7411048555142554
3401.0,-1.6461658506415562
3402.0,-1.7203047815480905
3403.0,-1.7134338160673073
3404.0,-1.74407488553052
3405.0,-1.8476860440620508
3406.0,-1.866843489525348
3407.0,-1.8282612907533782
3408.0,-1.838587462029564
3409.0,-1.7839398527889814
3410.0,-1.804530601173757
3411.0,-1.8038261197347558
3412.0,-1.8257340985736266
3413.0,-1.8055860400003994
3414.0,-1.6956436276492997
3415.0,-1.674439765074842
3416.0,-1.6629274261596876
3417.0,-1.6983473141120364
3418.0,-1.7416746396142826
3419.0,-1.65684879709804
3420.0,-1.7207806541779176
3421.0,-1.773206733431637
3422.0,-1.7785299258822593
3423.0,-1.802838907292089
3424.0,-1.6895900608822998
3425.0,-1.825915667429262
3426.0,-1.804740251270899
3427.0,-1.763283350210037
3428.0,-1.8276736210792963
3429.0,-1.8645758342382357
3430.0,-1.839280312725165
3431.0,-1.7448858810896337
3432.0,-1.7977334344656888
3433.0,-1.8886025282098762
3434.0,-1.8321340896217395
3435.0,-1.7438475043658024
3436.0,-1.762892428854522
3437.0,-1.8904040784721579
3438.0,-1.8062574550506958
3439.0,-1.8174108091537595
3440.0,-1.7522118018042943
3441.0,-1.7544226651362795
3442.0,-1.7758106871764852
3443.0,-1.8015982803510935
3444.0,-1.7162208858725374
3445.0,-1.633109392396925
3446.0,-1.7562589963523227
3447.0,-1.8100134475287395
3448.0,-1.7071043081676922
3449.0,-1.7280181538912078
3450.0,-1.80626969524962
3451.0,-1.8057030604413609
3452.0,-1.8116509119251898
3453.0,-1.8169614048252634
3454.0,-1.8443383475614672
3455.0,-1.8619253375235485
3456.0,-1.8879288636615785
3457.0,-1.8683279883957655
3458.0,-1.9149321315029852
3459.0,-1.9313273702847846
3460.0,-1.939315294940029
3461.0,-1.863596757339436
3462.0,-1.8417192493086285
3463.0,-1.8477379320286365
3464.0,-1.8164652102298589
3465.0,-1.7927074116047172
3466.0,-1.7295947501813047
3467.0,-1.7000554994638561
3468.0,-1.5961933705230396
3469.0,-1.5182889790988374
3470.0,-1.5203966252727041
3471.0,-1.5440684189872877
3472.0,-1.4928500601871149
3473.0,-1.462767246922222
3474.0,-1.467977109592437
3475.0,-1.5529979762067077
3476.0,-1.6585246240769551
3477.0,-1.6381343608792451
3478.0,-1.5933497015151759
3479.0,-1.546690928432751
3480.0,-1.620741397874798
3481.0,-1.560573236343469
3482.0,-1.5911460230044436
3483.0,-1.5684484688403002
3484.0,-1.544122634400978
3485.0,-1.5901902224731657
3486.0,-1.6240585263520135
3487.0,-1.7434686283164575
3488.0,-1.7960985997197152
3489.0,-1.899861347564936
3490.0,-1.8742857157498618
3491.0,-1.8704193748787519
3492.0,-1.817326781497856
3493.0,-1.7964311104854878
3494.0,-1.8327717411471571
3495.0,-1.812470477082764
3496.0,-1.8347018160865745
3497.0,-1.7992239567969648
3498.0,-1.780708289344495
3499.0,-1.8374791560106725
3500.0,-1.837038051079165
3501.0,-1.8335292728051478
3502.0,-1.8509815071929832
3503.0,-1.798997602526937
3504.0,-1.6997870005763807
3505.0,-1.7207275156587487
3506.0,-1.7406809212255394
3507.0,-1.870175317227683
3508.0,-1.8772987518087951
3509.0,-1.902160823058168
3510.0,-2.0266113601366884
3511.0,-2.0096086947557863
3512.0,-1.9751429626722452
3513.0,-2.0171889584754936
3514.0,-2.0383568765949733
3515.0,-2.0938083618699643
3516.0,-2.04942500792168
3517.0,-2.1366843017030495
3518.0,-2.15440515671228
3519.0,-2.0413916289462506
3520.0,-2.038064195684766
3521.0,-2.010699704001239
3522.0,-2.0188230286499467
3523.0,-2.086283393573858
3524.0,-2.0878129938861467
3525.0,-2.0639882864084007
3526.0,-2.122677663314983
3527.0,-2.102591675261618
3528.0,-2.0303572957772738
3529.0,-1.9682516333737452
3530.0,-2.05929497645142
3531.0,-2.115250706465819
3532.0,-2.208054895898084
3533.0,-2.145834225471476
3534.0,-2.1102299856493896
3535.0,-2.069273375134445
3536.0,-2.11963118442072
3537.0,-2.1866262964294374
3538.0,-2.181812194192293
3539.0,-2.175608890930101
3540.0,-2.224557285916934
3541.0,-2.2159684402894038
3542.0,-2.178375437846495
3543.0,-2.164838519061715
3544.0,-2.2244770172338515
3545.0,-2.346071320663763
3546.0,-2.3606166699093163
3547.0,-2.350724056515529
3548.0,-2.365338114809517
3549.0,-2.3896645360981807
3550.0,-2.4291765988297973
3551.0,-2.3874439195661377
3552.0,-2.3900596083710037
3553.0,-2.3825368532971214
3554.0,-2.438220469913387
3555.0,-2.473623686360746
3556.0,-2.4637439122982494
3557.0,-2.5213705290038546
3558.0,-2.593645128101389
3559.0,-2.6122052526093467
3560.0,-2.542420582197774
3561.0,-2.530961316208015
3562.0,-2.446258598488801
3563.0,-2.4534338426590034
3564.0,-2.4709160281259583
3565.0,-2.550874455712277
3566.0,-2.5837066901763763
3567.0,-2.5004046001476348
3568.0,-2.481065999595494
3569.0,-2.4383150624566645
3570.0,-2.3971893584005035
3571.0,-2.3973306338728184
3572.0,-2.408745258106085
3573.0,-2.4014523849072136
3574.0,-2.3622841810563835
3575.0,-2.335445399627917
3576.0,-2.306642095911316
3577.0,-2.297348227267315
3578.0,-2.341407621169994
3579.0,-2.356110545684757
3580.0,-2.4100625565787723
3581.0,-2.3516465760639607
3582.0,-2.472606093600689
3583.0,-2.4847617483860502
3584.0,-2.346511223735233
3585.0,-2.3658285635132645
3586.0,-2.4309409149757855
3587.0,-2.4315619411415916
3588.0,-2.3567040548467455
3589.0,-2.3655647547642316
3590.0,-2.3297486211220733
3591.0,-2.323579531726283
3592.0,-2.344710121790385
3593.0,-2.1624273085482395
3594.0,-2.1579497294394776
3595.0,-2.188593616348263
3596.0,-2.2165086484819225
3597.0,-2.194157228530683
3598.0,-2.1701559311193477
3599.0,-2.1252128034181754
3600.0,-2.1167005160476786
